recording,label,ID,trial,trial_type,valid_frames,valid_trial,valid_frames_video,valid_frames_response
dynamic29647-19-8-Video-9b4f6a1a067fe51e15306b9628efea20,NaturalVideo,v482709,203,train,300,True,300,326
dynamic29647-19-8-Video-9b4f6a1a067fe51e15306b9628efea20,NaturalVideo,v085238,193,final_test_bonus,300,True,300,300
dynamic29647-19-8-Video-9b4f6a1a067fe51e15306b9628efea20,PinkNoise,v801625,459,train,324,True,324,326
dynamic29647-19-8-Video-9b4f6a1a067fe51e15306b9628efea20,NaturalVideo,v919728,19,train,300,True,300,300
dynamic29647-19-8-Video-9b4f6a1a067fe51e15306b9628efea20,NaturalVideo,v913604,289,final_test_main,300,True,300,300
dynamic29647-19-8-Video-9b4f6a1a067fe51e15306b9628efea20,NaturalVideo,v292752,25,final_test_bonus,300,True,300,300
dynamic29647-19-8-Video-9b4f6a1a067fe51e15306b9628efea20,NaturalVideo,v661005,576,live_test_main,300,True,300,300
dynamic29647-19-8-Video-9b4f6a1a067fe51e15306b9628efea20,GaussianDot,v247654,26,final_test_bonus,315,True,315,326
dynamic29647-19-8-Video-9b4f6a1a067fe51e15306b9628efea20,NaturalVideo,v085724,685,train,300,True,300,300
dynamic29647-19-8-Video-9b4f6a1a067fe51e15306b9628efea20,NaturalVideo,v750662,476,live_test_bonus,300,True,300,300
dynamic29647-19-8-Video-9b4f6a1a067fe51e15306b9628efea20,NaturalImages,v360898,209,oracle,313,True,313,326
dynamic29647-19-8-Video-9b4f6a1a067fe51e15306b9628efea20,NaturalImages,v484546,557,final_test_main,313,True,313,326
dynamic29647-19-8-Video-9b4f6a1a067fe51e15306b9628efea20,NaturalVideo,v944472,395,train,300,True,300,300
dynamic29647-19-8-Video-9b4f6a1a067fe51e15306b9628efea20,NaturalVideo,v530602,616,train,300,True,300,300
dynamic29647-19-8-Video-9b4f6a1a067fe51e15306b9628efea20,NaturalVideo,v056182,78,train,300,True,300,300
dynamic29647-19-8-Video-9b4f6a1a067fe51e15306b9628efea20,NaturalVideo,v545646,18,final_test_bonus,300,True,300,300
dynamic29647-19-8-Video-9b4f6a1a067fe51e15306b9628efea20,NaturalVideo,v891923,645,oracle,300,True,300,300
dynamic29647-19-8-Video-9b4f6a1a067fe51e15306b9628efea20,NaturalVideo,v359383,324,train,300,True,300,326
dynamic29647-19-8-Video-9b4f6a1a067fe51e15306b9628efea20,NaturalVideo,v557701,696,oracle,300,True,300,300
dynamic29647-19-8-Video-9b4f6a1a067fe51e15306b9628efea20,NaturalVideo,v883216,431,train,300,True,300,300
dynamic29647-19-8-Video-9b4f6a1a067fe51e15306b9628efea20,NaturalVideo,v935094,375,final_test_bonus,300,True,300,300
dynamic29647-19-8-Video-9b4f6a1a067fe51e15306b9628efea20,NaturalVideo,v508932,633,train,300,True,300,300
dynamic29647-19-8-Video-9b4f6a1a067fe51e15306b9628efea20,NaturalVideo,v135995,163,train,300,True,300,300
dynamic29647-19-8-Video-9b4f6a1a067fe51e15306b9628efea20,NaturalVideo,v929537,516,final_test_bonus,300,True,300,326
dynamic29647-19-8-Video-9b4f6a1a067fe51e15306b9628efea20,NaturalVideo,v920124,121,train,300,True,300,300
dynamic29647-19-8-Video-9b4f6a1a067fe51e15306b9628efea20,NaturalVideo,v313888,665,train,300,True,300,300
dynamic29647-19-8-Video-9b4f6a1a067fe51e15306b9628efea20,NaturalVideo,v621697,34,live_test_main,300,True,300,300
dynamic29647-19-8-Video-9b4f6a1a067fe51e15306b9628efea20,NaturalVideo,v346237,528,train,300,True,300,300
dynamic29647-19-8-Video-9b4f6a1a067fe51e15306b9628efea20,NaturalImages,v683710,148,train,319,True,319,326
dynamic29647-19-8-Video-9b4f6a1a067fe51e15306b9628efea20,NaturalVideo,v757870,507,train,300,True,300,300
dynamic29647-19-8-Video-9b4f6a1a067fe51e15306b9628efea20,NaturalVideo,v230025,429,train,300,True,300,300
dynamic29647-19-8-Video-9b4f6a1a067fe51e15306b9628efea20,NaturalVideo,v929537,8,train,300,True,300,326
dynamic29647-19-8-Video-9b4f6a1a067fe51e15306b9628efea20,NaturalVideo,v123095,575,oracle,300,True,300,300
dynamic29647-19-8-Video-9b4f6a1a067fe51e15306b9628efea20,NaturalVideo,v603574,71,live_test_bonus,300,True,300,300
dynamic29647-19-8-Video-9b4f6a1a067fe51e15306b9628efea20,NaturalVideo,v354199,115,final_test_bonus,300,True,300,300
dynamic29647-19-8-Video-9b4f6a1a067fe51e15306b9628efea20,NaturalVideo,v357134,629,live_test_main,300,True,300,300
dynamic29647-19-8-Video-9b4f6a1a067fe51e15306b9628efea20,NaturalVideo,v542546,246,train,300,True,300,300
dynamic29647-19-8-Video-9b4f6a1a067fe51e15306b9628efea20,GaussianDot,v885899,691,final_test_bonus,315,True,315,326
dynamic29647-19-8-Video-9b4f6a1a067fe51e15306b9628efea20,NaturalVideo,v631075,566,train,300,True,300,326
dynamic29647-19-8-Video-9b4f6a1a067fe51e15306b9628efea20,NaturalVideo,v851441,506,final_test_bonus,300,True,300,300
dynamic29647-19-8-Video-9b4f6a1a067fe51e15306b9628efea20,NaturalImages,v360898,4,final_test_main,313,True,313,326
dynamic29647-19-8-Video-9b4f6a1a067fe51e15306b9628efea20,PinkNoise,v035085,443,train,324,True,324,326
dynamic29647-19-8-Video-9b4f6a1a067fe51e15306b9628efea20,NaturalVideo,v911192,706,train,300,True,300,326
dynamic29647-19-8-Video-9b4f6a1a067fe51e15306b9628efea20,NaturalImages,v874315,314,oracle,306,True,306,326
dynamic29647-19-8-Video-9b4f6a1a067fe51e15306b9628efea20,NaturalVideo,v911192,36,final_test_bonus,300,True,300,326
dynamic29647-19-8-Video-9b4f6a1a067fe51e15306b9628efea20,NaturalVideo,v765129,296,live_test_bonus,300,True,300,300
dynamic29647-19-8-Video-9b4f6a1a067fe51e15306b9628efea20,NaturalVideo,v967131,295,final_test_main,300,True,300,326
dynamic29647-19-8-Video-9b4f6a1a067fe51e15306b9628efea20,NaturalVideo,v661005,86,train,300,True,300,300
dynamic29647-19-8-Video-9b4f6a1a067fe51e15306b9628efea20,PinkNoise,v078527,527,live_test_main,324,True,324,326
dynamic29647-19-8-Video-9b4f6a1a067fe51e15306b9628efea20,NaturalVideo,v967131,657,live_test_bonus,300,True,300,326
dynamic29647-19-8-Video-9b4f6a1a067fe51e15306b9628efea20,NaturalVideo,v509625,544,train,300,True,300,300
dynamic29647-19-8-Video-9b4f6a1a067fe51e15306b9628efea20,NaturalVideo,v579266,23,train,300,True,300,300
dynamic29647-19-8-Video-9b4f6a1a067fe51e15306b9628efea20,NaturalVideo,v359383,555,final_test_main,300,True,300,326
dynamic29647-19-8-Video-9b4f6a1a067fe51e15306b9628efea20,NaturalVideo,v482709,646,oracle,300,True,300,326
dynamic29647-19-8-Video-9b4f6a1a067fe51e15306b9628efea20,NaturalVideo,v853634,536,final_test_bonus,300,True,300,300
dynamic29647-19-8-Video-9b4f6a1a067fe51e15306b9628efea20,NaturalVideo,v583053,89,live_test_bonus,300,True,300,300
dynamic29647-19-8-Video-9b4f6a1a067fe51e15306b9628efea20,GaussianDot,v450559,563,train,315,True,315,326
dynamic29647-19-8-Video-9b4f6a1a067fe51e15306b9628efea20,NaturalVideo,v851441,499,final_test_bonus,300,True,300,300
dynamic29647-19-8-Video-9b4f6a1a067fe51e15306b9628efea20,NaturalVideo,v927429,1,final_test_bonus,300,True,300,300
dynamic29647-19-8-Video-9b4f6a1a067fe51e15306b9628efea20,NaturalVideo,v851441,221,live_test_bonus,300,True,300,300
dynamic29647-19-8-Video-9b4f6a1a067fe51e15306b9628efea20,NaturalVideo,v793225,271,train,300,True,300,300
dynamic29647-19-8-Video-9b4f6a1a067fe51e15306b9628efea20,NaturalVideo,v194362,408,final_test_bonus,300,True,300,300
dynamic29647-19-8-Video-9b4f6a1a067fe51e15306b9628efea20,NaturalVideo,v967131,207,train,300,True,300,326
dynamic29647-19-8-Video-9b4f6a1a067fe51e15306b9628efea20,NaturalVideo,v807082,157,final_test_bonus,300,True,300,300
dynamic29647-19-8-Video-9b4f6a1a067fe51e15306b9628efea20,NaturalVideo,v438002,215,train,300,True,300,300
dynamic29647-19-8-Video-9b4f6a1a067fe51e15306b9628efea20,NaturalVideo,v193130,462,final_test_main,300,True,300,300
dynamic29647-19-8-Video-9b4f6a1a067fe51e15306b9628efea20,NaturalImages,v062658,14,train,326,True,326,326
dynamic29647-19-8-Video-9b4f6a1a067fe51e15306b9628efea20,NaturalVideo,v827974,391,oracle,300,True,300,300
dynamic29647-19-8-Video-9b4f6a1a067fe51e15306b9628efea20,NaturalVideo,v194362,105,train,300,True,300,300
dynamic29647-19-8-Video-9b4f6a1a067fe51e15306b9628efea20,NaturalVideo,v929537,152,live_test_bonus,300,True,300,326
dynamic29647-19-8-Video-9b4f6a1a067fe51e15306b9628efea20,NaturalVideo,v905610,363,final_test_bonus,300,True,300,300
dynamic29647-19-8-Video-9b4f6a1a067fe51e15306b9628efea20,GaussianDot,v001927,327,train,315,True,315,326
dynamic29647-19-8-Video-9b4f6a1a067fe51e15306b9628efea20,NaturalVideo,v135995,132,final_test_bonus,300,True,300,300
dynamic29647-19-8-Video-9b4f6a1a067fe51e15306b9628efea20,NaturalVideo,v967131,597,train,300,True,300,326
dynamic29647-19-8-Video-9b4f6a1a067fe51e15306b9628efea20,NaturalVideo,v010746,106,train,300,True,300,300
dynamic29647-19-8-Video-9b4f6a1a067fe51e15306b9628efea20,NaturalImages,v683710,50,train,319,True,319,326
dynamic29647-19-8-Video-9b4f6a1a067fe51e15306b9628efea20,NaturalVideo,v631075,367,final_test_bonus,300,True,300,326
dynamic29647-19-8-Video-9b4f6a1a067fe51e15306b9628efea20,NaturalImages,v360898,600,final_test_bonus,312,True,312,326
dynamic29647-19-8-Video-9b4f6a1a067fe51e15306b9628efea20,NaturalVideo,v414051,588,train,300,True,300,300
dynamic29647-19-8-Video-9b4f6a1a067fe51e15306b9628efea20,NaturalImages,v683710,285,train,319,True,319,326
dynamic29647-19-8-Video-9b4f6a1a067fe51e15306b9628efea20,NaturalVideo,v722238,359,train,300,True,300,300
dynamic29647-19-8-Video-9b4f6a1a067fe51e15306b9628efea20,NaturalVideo,v416794,682,oracle,300,True,300,300
dynamic29647-19-8-Video-9b4f6a1a067fe51e15306b9628efea20,NaturalVideo,v867576,348,oracle,300,True,300,300
dynamic29647-19-8-Video-9b4f6a1a067fe51e15306b9628efea20,NaturalVideo,v573124,290,train,300,True,300,300
dynamic29647-19-8-Video-9b4f6a1a067fe51e15306b9628efea20,NaturalVideo,v278838,282,final_test_main,300,True,300,300
dynamic29647-19-8-Video-9b4f6a1a067fe51e15306b9628efea20,NaturalVideo,v240939,628,train,300,True,300,326
dynamic29647-19-8-Video-9b4f6a1a067fe51e15306b9628efea20,NaturalVideo,v130381,173,train,300,True,300,300
dynamic29647-19-8-Video-9b4f6a1a067fe51e15306b9628efea20,NaturalVideo,v967131,381,train,300,True,300,326
dynamic29647-19-8-Video-9b4f6a1a067fe51e15306b9628efea20,NaturalVideo,v729085,70,final_test_bonus,300,True,300,326
dynamic29647-19-8-Video-9b4f6a1a067fe51e15306b9628efea20,NaturalVideo,v859466,518,train,300,True,300,300
dynamic29647-19-8-Video-9b4f6a1a067fe51e15306b9628efea20,NaturalVideo,v729085,24,live_test_main,300,True,300,326
dynamic29647-19-8-Video-9b4f6a1a067fe51e15306b9628efea20,GaussianDot,v885899,2,train,315,True,315,326
dynamic29647-19-8-Video-9b4f6a1a067fe51e15306b9628efea20,NaturalVideo,v249160,608,oracle,300,True,300,300
dynamic29647-19-8-Video-9b4f6a1a067fe51e15306b9628efea20,GaussianDot,v001927,498,final_test_main,315,True,315,326
dynamic29647-19-8-Video-9b4f6a1a067fe51e15306b9628efea20,NaturalVideo,v967131,474,train,300,True,300,326
dynamic29647-19-8-Video-9b4f6a1a067fe51e15306b9628efea20,NaturalVideo,v644106,623,train,300,True,300,300
dynamic29647-19-8-Video-9b4f6a1a067fe51e15306b9628efea20,NaturalVideo,v902835,382,oracle,300,True,300,300
dynamic29647-19-8-Video-9b4f6a1a067fe51e15306b9628efea20,NaturalVideo,v929537,69,final_test_main,300,True,300,326
dynamic29647-19-8-Video-9b4f6a1a067fe51e15306b9628efea20,NaturalImages,v874315,693,train,305,True,305,326
dynamic29647-19-8-Video-9b4f6a1a067fe51e15306b9628efea20,NaturalVideo,v851441,27,train,300,True,300,300
dynamic29647-19-8-Video-9b4f6a1a067fe51e15306b9628efea20,GaussianDot,v560015,153,train,315,True,315,326
dynamic29647-19-8-Video-9b4f6a1a067fe51e15306b9628efea20,NaturalVideo,v194362,709,live_test_bonus,300,True,300,300
dynamic29647-19-8-Video-9b4f6a1a067fe51e15306b9628efea20,NaturalVideo,v858371,159,live_test_bonus,300,True,300,326
dynamic29647-19-8-Video-9b4f6a1a067fe51e15306b9628efea20,GaussianDot,v885899,169,live_test_main,315,True,315,326
dynamic29647-19-8-Video-9b4f6a1a067fe51e15306b9628efea20,NaturalVideo,v159403,448,train,300,True,300,300
dynamic29647-19-8-Video-9b4f6a1a067fe51e15306b9628efea20,NaturalVideo,v613803,288,train,300,True,300,300
dynamic29647-19-8-Video-9b4f6a1a067fe51e15306b9628efea20,PinkNoise,v789249,631,train,324,True,324,326
dynamic29647-19-8-Video-9b4f6a1a067fe51e15306b9628efea20,NaturalVideo,v982550,334,train,300,True,300,300
dynamic29647-19-8-Video-9b4f6a1a067fe51e15306b9628efea20,GaussianDot,v560015,294,live_test_bonus,315,True,315,326
dynamic29647-19-8-Video-9b4f6a1a067fe51e15306b9628efea20,NaturalVideo,v100988,455,final_test_bonus,300,True,300,300
dynamic29647-19-8-Video-9b4f6a1a067fe51e15306b9628efea20,NaturalVideo,v956399,326,final_test_bonus,300,True,300,300
dynamic29647-19-8-Video-9b4f6a1a067fe51e15306b9628efea20,PinkNoise,v687202,257,live_test_main,324,True,324,326
dynamic29647-19-8-Video-9b4f6a1a067fe51e15306b9628efea20,PinkNoise,v262991,353,train,324,True,324,326
dynamic29647-19-8-Video-9b4f6a1a067fe51e15306b9628efea20,NaturalVideo,v290032,81,final_test_bonus,300,True,300,300
dynamic29647-19-8-Video-9b4f6a1a067fe51e15306b9628efea20,NaturalVideo,v518179,252,train,300,True,300,300
dynamic29647-19-8-Video-9b4f6a1a067fe51e15306b9628efea20,NaturalVideo,v117142,247,train,300,True,300,300
dynamic29647-19-8-Video-9b4f6a1a067fe51e15306b9628efea20,NaturalVideo,v631075,585,final_test_bonus,300,True,300,326
dynamic29647-19-8-Video-9b4f6a1a067fe51e15306b9628efea20,NaturalVideo,v967131,155,live_test_main,300,True,300,326
dynamic29647-19-8-Video-9b4f6a1a067fe51e15306b9628efea20,NaturalVideo,v114967,552,live_test_main,300,True,300,300
dynamic29647-19-8-Video-9b4f6a1a067fe51e15306b9628efea20,NaturalVideo,v631020,615,train,300,True,300,326
dynamic29647-19-8-Video-9b4f6a1a067fe51e15306b9628efea20,GaussianDot,v560015,644,oracle,315,True,315,326
dynamic29647-19-8-Video-9b4f6a1a067fe51e15306b9628efea20,NaturalImages,v089720,256,train,310,True,310,326
dynamic29647-19-8-Video-9b4f6a1a067fe51e15306b9628efea20,NaturalVideo,v499554,483,live_test_main,300,True,300,300
dynamic29647-19-8-Video-9b4f6a1a067fe51e15306b9628efea20,NaturalVideo,v325538,707,final_test_main,300,True,300,300
dynamic29647-19-8-Video-9b4f6a1a067fe51e15306b9628efea20,NaturalVideo,v694273,643,train,300,True,300,300
dynamic29647-19-8-Video-9b4f6a1a067fe51e15306b9628efea20,NaturalVideo,v008487,111,live_test_main,300,True,300,300
dynamic29647-19-8-Video-9b4f6a1a067fe51e15306b9628efea20,NaturalVideo,v693809,92,train,300,True,300,300
dynamic29647-19-8-Video-9b4f6a1a067fe51e15306b9628efea20,NaturalVideo,v635821,30,live_test_main,300,True,300,300
dynamic29647-19-8-Video-9b4f6a1a067fe51e15306b9628efea20,NaturalVideo,v194362,80,final_test_bonus,300,True,300,300
dynamic29647-19-8-Video-9b4f6a1a067fe51e15306b9628efea20,NaturalVideo,v485774,639,oracle,300,True,300,300
dynamic29647-19-8-Video-9b4f6a1a067fe51e15306b9628efea20,NaturalVideo,v919728,281,final_test_main,300,True,300,300
dynamic29647-19-8-Video-9b4f6a1a067fe51e15306b9628efea20,NaturalVideo,v379315,225,train,300,True,300,300
dynamic29647-19-8-Video-9b4f6a1a067fe51e15306b9628efea20,PinkNoise,v078527,181,train,324,True,324,326
dynamic29647-19-8-Video-9b4f6a1a067fe51e15306b9628efea20,NaturalVideo,v262898,553,train,300,True,300,300
dynamic29647-19-8-Video-9b4f6a1a067fe51e15306b9628efea20,NaturalVideo,v661005,110,train,300,True,300,300
dynamic29647-19-8-Video-9b4f6a1a067fe51e15306b9628efea20,NaturalVideo,v223425,411,final_test_bonus,300,True,300,300
dynamic29647-19-8-Video-9b4f6a1a067fe51e15306b9628efea20,NaturalVideo,v919728,186,live_test_main,300,True,300,300
dynamic29647-19-8-Video-9b4f6a1a067fe51e15306b9628efea20,NaturalImages,v062658,671,train,326,True,326,326
dynamic29647-19-8-Video-9b4f6a1a067fe51e15306b9628efea20,NaturalVideo,v240939,127,final_test_main,300,True,300,326
dynamic29647-19-8-Video-9b4f6a1a067fe51e15306b9628efea20,NaturalVideo,v082249,202,oracle,300,True,300,300
dynamic29647-19-8-Video-9b4f6a1a067fe51e15306b9628efea20,NaturalVideo,v911192,509,train,300,True,300,326
dynamic29647-19-8-Video-9b4f6a1a067fe51e15306b9628efea20,NaturalVideo,v553542,630,train,300,True,300,300
dynamic29647-19-8-Video-9b4f6a1a067fe51e15306b9628efea20,NaturalVideo,v203049,478,train,300,True,300,300
dynamic29647-19-8-Video-9b4f6a1a067fe51e15306b9628efea20,GaussianDot,v124874,196,train,315,True,315,326
dynamic29647-19-8-Video-9b4f6a1a067fe51e15306b9628efea20,NaturalVideo,v911192,240,train,300,True,300,326
dynamic29647-19-8-Video-9b4f6a1a067fe51e15306b9628efea20,NaturalVideo,v152277,216,train,300,True,300,326
dynamic29647-19-8-Video-9b4f6a1a067fe51e15306b9628efea20,NaturalVideo,v851441,134,final_test_main,300,True,300,300
dynamic29647-19-8-Video-9b4f6a1a067fe51e15306b9628efea20,NaturalVideo,v034998,43,oracle,300,True,300,300
dynamic29647-19-8-Video-9b4f6a1a067fe51e15306b9628efea20,NaturalVideo,v390719,387,train,300,True,300,300
dynamic29647-19-8-Video-9b4f6a1a067fe51e15306b9628efea20,NaturalVideo,v902791,624,train,300,True,300,300
dynamic29647-19-8-Video-9b4f6a1a067fe51e15306b9628efea20,PinkNoise,v078527,322,final_test_main,324,True,324,326
dynamic29647-19-8-Video-9b4f6a1a067fe51e15306b9628efea20,NaturalVideo,v135995,436,final_test_bonus,300,True,300,300
dynamic29647-19-8-Video-9b4f6a1a067fe51e15306b9628efea20,NaturalVideo,v858371,704,train,300,True,300,326
dynamic29647-19-8-Video-9b4f6a1a067fe51e15306b9628efea20,NaturalVideo,v307886,21,oracle,300,True,300,300
dynamic29647-19-8-Video-9b4f6a1a067fe51e15306b9628efea20,NaturalVideo,v631495,475,train,300,True,300,300
dynamic29647-19-8-Video-9b4f6a1a067fe51e15306b9628efea20,NaturalVideo,v590296,125,live_test_main,300,True,300,300
dynamic29647-19-8-Video-9b4f6a1a067fe51e15306b9628efea20,NaturalVideo,v906577,214,live_test_main,300,True,300,300
dynamic29647-19-8-Video-9b4f6a1a067fe51e15306b9628efea20,NaturalVideo,v515050,156,train,300,True,300,300
dynamic29647-19-8-Video-9b4f6a1a067fe51e15306b9628efea20,GaussianDot,v124874,577,live_test_main,315,True,315,326
dynamic29647-19-8-Video-9b4f6a1a067fe51e15306b9628efea20,NaturalVideo,v929537,183,train,300,True,300,326
dynamic29647-19-8-Video-9b4f6a1a067fe51e15306b9628efea20,NaturalImages,v062658,9,final_test_bonus,326,True,326,326
dynamic29647-19-8-Video-9b4f6a1a067fe51e15306b9628efea20,NaturalImages,v089720,688,live_test_bonus,310,True,310,326
dynamic29647-19-8-Video-9b4f6a1a067fe51e15306b9628efea20,NaturalVideo,v735077,103,train,300,True,300,300
dynamic29647-19-8-Video-9b4f6a1a067fe51e15306b9628efea20,NaturalVideo,v980570,325,oracle,300,True,300,300
dynamic29647-19-8-Video-9b4f6a1a067fe51e15306b9628efea20,GaussianDot,v247654,55,final_test_bonus,315,True,315,326
dynamic29647-19-8-Video-9b4f6a1a067fe51e15306b9628efea20,NaturalVideo,v840955,406,oracle,300,True,300,300
dynamic29647-19-8-Video-9b4f6a1a067fe51e15306b9628efea20,NaturalVideo,v890165,686,train,300,True,300,300
dynamic29647-19-8-Video-9b4f6a1a067fe51e15306b9628efea20,NaturalVideo,v893570,482,train,300,True,300,300
dynamic29647-19-8-Video-9b4f6a1a067fe51e15306b9628efea20,NaturalVideo,v350778,428,train,300,True,300,300
dynamic29647-19-8-Video-9b4f6a1a067fe51e15306b9628efea20,NaturalVideo,v929537,170,train,300,True,300,326
dynamic29647-19-8-Video-9b4f6a1a067fe51e15306b9628efea20,NaturalVideo,v070690,37,train,300,True,300,300
dynamic29647-19-8-Video-9b4f6a1a067fe51e15306b9628efea20,NaturalVideo,v063574,547,final_test_bonus,300,True,300,300
dynamic29647-19-8-Video-9b4f6a1a067fe51e15306b9628efea20,NaturalVideo,v554569,180,live_test_bonus,300,True,300,300
dynamic29647-19-8-Video-9b4f6a1a067fe51e15306b9628efea20,NaturalVideo,v579266,366,train,300,True,300,300
dynamic29647-19-8-Video-9b4f6a1a067fe51e15306b9628efea20,NaturalVideo,v780349,468,live_test_main,300,True,300,300
dynamic29647-19-8-Video-9b4f6a1a067fe51e15306b9628efea20,GaussianDot,v247654,441,final_test_main,315,True,315,326
dynamic29647-19-8-Video-9b4f6a1a067fe51e15306b9628efea20,NaturalImages,v874315,174,final_test_bonus,305,True,305,326
dynamic29647-19-8-Video-9b4f6a1a067fe51e15306b9628efea20,NaturalVideo,v194362,362,live_test_main,300,True,300,300
dynamic29647-19-8-Video-9b4f6a1a067fe51e15306b9628efea20,NaturalImages,v062658,673,final_test_bonus,326,True,326,326
dynamic29647-19-8-Video-9b4f6a1a067fe51e15306b9628efea20,NaturalVideo,v832914,569,train,300,True,300,300
dynamic29647-19-8-Video-9b4f6a1a067fe51e15306b9628efea20,NaturalVideo,v567238,578,live_test_bonus,300,True,300,300
dynamic29647-19-8-Video-9b4f6a1a067fe51e15306b9628efea20,NaturalVideo,v561381,393,train,300,True,300,300
dynamic29647-19-8-Video-9b4f6a1a067fe51e15306b9628efea20,NaturalVideo,v929537,168,train,300,True,300,326
dynamic29647-19-8-Video-9b4f6a1a067fe51e15306b9628efea20,NaturalVideo,v628890,99,train,300,True,300,300
dynamic29647-19-8-Video-9b4f6a1a067fe51e15306b9628efea20,NaturalVideo,v359383,226,train,300,True,300,326
dynamic29647-19-8-Video-9b4f6a1a067fe51e15306b9628efea20,NaturalImages,v683710,626,train,319,True,319,326
dynamic29647-19-8-Video-9b4f6a1a067fe51e15306b9628efea20,NaturalVideo,v368445,374,oracle,300,True,300,300
dynamic29647-19-8-Video-9b4f6a1a067fe51e15306b9628efea20,NaturalVideo,v655639,492,oracle,300,True,300,300
dynamic29647-19-8-Video-9b4f6a1a067fe51e15306b9628efea20,NaturalVideo,v810460,95,train,300,True,300,300
dynamic29647-19-8-Video-9b4f6a1a067fe51e15306b9628efea20,NaturalVideo,v661005,239,train,300,True,300,300
dynamic29647-19-8-Video-9b4f6a1a067fe51e15306b9628efea20,NaturalVideo,v850649,150,train,300,True,300,300
dynamic29647-19-8-Video-9b4f6a1a067fe51e15306b9628efea20,NaturalVideo,v911192,52,train,300,True,300,326
dynamic29647-19-8-Video-9b4f6a1a067fe51e15306b9628efea20,GaussianDot,v885899,108,final_test_main,315,True,315,326
dynamic29647-19-8-Video-9b4f6a1a067fe51e15306b9628efea20,NaturalVideo,v674757,676,live_test_main,300,True,300,300
dynamic29647-19-8-Video-9b4f6a1a067fe51e15306b9628efea20,NaturalVideo,v347596,606,train,300,True,300,300
dynamic29647-19-8-Video-9b4f6a1a067fe51e15306b9628efea20,NaturalVideo,v851564,278,oracle,300,True,300,300
dynamic29647-19-8-Video-9b4f6a1a067fe51e15306b9628efea20,NaturalVideo,v070954,556,train,300,True,300,300
dynamic29647-19-8-Video-9b4f6a1a067fe51e15306b9628efea20,NaturalImages,v089720,399,train,310,True,310,326
dynamic29647-19-8-Video-9b4f6a1a067fe51e15306b9628efea20,NaturalVideo,v911192,17,live_test_main,300,True,300,326
dynamic29647-19-8-Video-9b4f6a1a067fe51e15306b9628efea20,NaturalVideo,v334875,675,train,300,True,300,300
dynamic29647-19-8-Video-9b4f6a1a067fe51e15306b9628efea20,PinkNoise,v687202,206,final_test_bonus,324,True,324,326
dynamic29647-19-8-Video-9b4f6a1a067fe51e15306b9628efea20,NaturalVideo,v194290,694,train,300,True,300,300
dynamic29647-19-8-Video-9b4f6a1a067fe51e15306b9628efea20,NaturalImages,v089720,130,oracle,310,True,310,326
dynamic29647-19-8-Video-9b4f6a1a067fe51e15306b9628efea20,NaturalVideo,v100796,486,train,300,True,300,300
dynamic29647-19-8-Video-9b4f6a1a067fe51e15306b9628efea20,GaussianDot,v450559,508,train,315,True,315,326
dynamic29647-19-8-Video-9b4f6a1a067fe51e15306b9628efea20,NaturalImages,v062658,298,final_test_bonus,326,True,326,326
dynamic29647-19-8-Video-9b4f6a1a067fe51e15306b9628efea20,NaturalVideo,v687648,266,live_test_bonus,300,True,300,326
dynamic29647-19-8-Video-9b4f6a1a067fe51e15306b9628efea20,NaturalImages,v360898,228,final_test_bonus,313,True,313,326
dynamic29647-19-8-Video-9b4f6a1a067fe51e15306b9628efea20,NaturalVideo,v194362,54,train,300,True,300,300
dynamic29647-19-8-Video-9b4f6a1a067fe51e15306b9628efea20,NaturalVideo,v284396,76,train,300,True,300,300
dynamic29647-19-8-Video-9b4f6a1a067fe51e15306b9628efea20,NaturalVideo,v442176,0,train,300,True,300,300
dynamic29647-19-8-Video-9b4f6a1a067fe51e15306b9628efea20,NaturalVideo,v631075,684,final_test_bonus,300,True,300,326
dynamic29647-19-8-Video-9b4f6a1a067fe51e15306b9628efea20,NaturalVideo,v460941,65,train,300,True,300,300
dynamic29647-19-8-Video-9b4f6a1a067fe51e15306b9628efea20,NaturalVideo,v631075,138,train,300,True,300,326
dynamic29647-19-8-Video-9b4f6a1a067fe51e15306b9628efea20,NaturalVideo,v880437,384,live_test_bonus,300,True,300,300
dynamic29647-19-8-Video-9b4f6a1a067fe51e15306b9628efea20,NaturalVideo,v207272,683,train,300,True,300,300
dynamic29647-19-8-Video-9b4f6a1a067fe51e15306b9628efea20,NaturalVideo,v851441,231,live_test_main,300,True,300,300
dynamic29647-19-8-Video-9b4f6a1a067fe51e15306b9628efea20,NaturalVideo,v687648,481,final_test_bonus,300,True,300,326
dynamic29647-19-8-Video-9b4f6a1a067fe51e15306b9628efea20,NaturalVideo,v359383,388,live_test_main,300,True,300,326
dynamic29647-19-8-Video-9b4f6a1a067fe51e15306b9628efea20,NaturalVideo,v818243,102,train,300,True,300,300
dynamic29647-19-8-Video-9b4f6a1a067fe51e15306b9628efea20,NaturalVideo,v056131,549,final_test_bonus,300,True,300,300
dynamic29647-19-8-Video-9b4f6a1a067fe51e15306b9628efea20,NaturalVideo,v971852,700,train,300,True,300,300
dynamic29647-19-8-Video-9b4f6a1a067fe51e15306b9628efea20,NaturalVideo,v436034,636,final_test_bonus,300,True,300,300
dynamic29647-19-8-Video-9b4f6a1a067fe51e15306b9628efea20,NaturalVideo,v270946,440,train,300,True,300,300
dynamic29647-19-8-Video-9b4f6a1a067fe51e15306b9628efea20,PinkNoise,v262991,224,train,324,True,324,326
dynamic29647-19-8-Video-9b4f6a1a067fe51e15306b9628efea20,NaturalVideo,v078795,301,final_test_bonus,300,True,300,300
dynamic29647-19-8-Video-9b4f6a1a067fe51e15306b9628efea20,NaturalImages,v683710,90,train,319,True,319,326
dynamic29647-19-8-Video-9b4f6a1a067fe51e15306b9628efea20,NaturalVideo,v738078,596,train,300,True,300,300
dynamic29647-19-8-Video-9b4f6a1a067fe51e15306b9628efea20,PinkNoise,v801625,540,final_test_bonus,324,True,324,326
dynamic29647-19-8-Video-9b4f6a1a067fe51e15306b9628efea20,NaturalVideo,v773317,358,train,300,True,300,300
dynamic29647-19-8-Video-9b4f6a1a067fe51e15306b9628efea20,NaturalVideo,v687648,622,live_test_bonus,300,True,300,326
dynamic29647-19-8-Video-9b4f6a1a067fe51e15306b9628efea20,GaussianDot,v560015,38,train,315,True,315,326
dynamic29647-19-8-Video-9b4f6a1a067fe51e15306b9628efea20,NaturalVideo,v769464,632,train,300,True,300,300
dynamic29647-19-8-Video-9b4f6a1a067fe51e15306b9628efea20,PinkNoise,v789249,522,train,324,True,324,326
dynamic29647-19-8-Video-9b4f6a1a067fe51e15306b9628efea20,GaussianDot,v560015,479,train,315,True,315,326
dynamic29647-19-8-Video-9b4f6a1a067fe51e15306b9628efea20,NaturalVideo,v754602,617,train,300,True,300,300
dynamic29647-19-8-Video-9b4f6a1a067fe51e15306b9628efea20,NaturalVideo,v060431,524,train,300,True,300,300
dynamic29647-19-8-Video-9b4f6a1a067fe51e15306b9628efea20,NaturalVideo,v999040,292,final_test_bonus,300,True,300,300
dynamic29647-19-8-Video-9b4f6a1a067fe51e15306b9628efea20,NaturalVideo,v158398,650,final_test_main,300,True,300,300
dynamic29647-19-8-Video-9b4f6a1a067fe51e15306b9628efea20,NaturalVideo,v805330,710,final_test_main,300,True,300,300
dynamic29647-19-8-Video-9b4f6a1a067fe51e15306b9628efea20,NaturalVideo,v061799,369,oracle,300,True,300,300
dynamic29647-19-8-Video-9b4f6a1a067fe51e15306b9628efea20,NaturalVideo,v857446,705,train,300,True,300,300
dynamic29647-19-8-Video-9b4f6a1a067fe51e15306b9628efea20,NaturalVideo,v070684,165,final_test_main,300,True,300,300
dynamic29647-19-8-Video-9b4f6a1a067fe51e15306b9628efea20,NaturalVideo,v631424,371,live_test_bonus,300,True,300,300
dynamic29647-19-8-Video-9b4f6a1a067fe51e15306b9628efea20,NaturalImages,v484546,603,final_test_bonus,313,True,313,326
dynamic29647-19-8-Video-9b4f6a1a067fe51e15306b9628efea20,GaussianDot,v560015,133,train,315,True,315,326
dynamic29647-19-8-Video-9b4f6a1a067fe51e15306b9628efea20,NaturalVideo,v152277,610,train,300,True,300,326
dynamic29647-19-8-Video-9b4f6a1a067fe51e15306b9628efea20,NaturalVideo,v710483,277,train,300,True,300,300
dynamic29647-19-8-Video-9b4f6a1a067fe51e15306b9628efea20,NaturalVideo,v729085,204,final_test_main,300,True,300,326
dynamic29647-19-8-Video-9b4f6a1a067fe51e15306b9628efea20,NaturalImages,v683710,312,train,319,True,319,326
dynamic29647-19-8-Video-9b4f6a1a067fe51e15306b9628efea20,NaturalVideo,v240939,370,train,300,True,300,326
dynamic29647-19-8-Video-9b4f6a1a067fe51e15306b9628efea20,PinkNoise,v789249,131,final_test_main,324,True,324,326
dynamic29647-19-8-Video-9b4f6a1a067fe51e15306b9628efea20,NaturalVideo,v338202,44,oracle,300,True,300,300
dynamic29647-19-8-Video-9b4f6a1a067fe51e15306b9628efea20,NaturalVideo,v217896,669,live_test_main,300,True,300,300
dynamic29647-19-8-Video-9b4f6a1a067fe51e15306b9628efea20,NaturalVideo,v482709,93,train,300,True,300,326
dynamic29647-19-8-Video-9b4f6a1a067fe51e15306b9628efea20,NaturalVideo,v506636,409,train,300,True,300,300
dynamic29647-19-8-Video-9b4f6a1a067fe51e15306b9628efea20,GaussianDot,v001927,570,final_test_bonus,315,True,315,326
dynamic29647-19-8-Video-9b4f6a1a067fe51e15306b9628efea20,NaturalVideo,v310268,308,train,300,True,300,300
dynamic29647-19-8-Video-9b4f6a1a067fe51e15306b9628efea20,NaturalVideo,v188855,109,live_test_bonus,300,True,300,300
dynamic29647-19-8-Video-9b4f6a1a067fe51e15306b9628efea20,NaturalVideo,v299165,304,train,300,True,300,300
dynamic29647-19-8-Video-9b4f6a1a067fe51e15306b9628efea20,NaturalVideo,v911192,514,final_test_bonus,300,True,300,326
dynamic29647-19-8-Video-9b4f6a1a067fe51e15306b9628efea20,NaturalVideo,v729085,565,train,300,True,300,326
dynamic29647-19-8-Video-9b4f6a1a067fe51e15306b9628efea20,NaturalVideo,v335534,104,final_test_main,300,True,300,300
dynamic29647-19-8-Video-9b4f6a1a067fe51e15306b9628efea20,NaturalVideo,v094769,360,oracle,300,True,300,300
dynamic29647-19-8-Video-9b4f6a1a067fe51e15306b9628efea20,NaturalVideo,v197705,400,train,300,True,300,300
dynamic29647-19-8-Video-9b4f6a1a067fe51e15306b9628efea20,NaturalVideo,v631020,346,train,300,True,300,326
dynamic29647-19-8-Video-9b4f6a1a067fe51e15306b9628efea20,NaturalVideo,v506539,467,train,300,True,300,300
dynamic29647-19-8-Video-9b4f6a1a067fe51e15306b9628efea20,NaturalVideo,v228672,531,live_test_main,300,True,300,300
dynamic29647-19-8-Video-9b4f6a1a067fe51e15306b9628efea20,NaturalVideo,v219621,263,train,300,True,300,300
dynamic29647-19-8-Video-9b4f6a1a067fe51e15306b9628efea20,NaturalVideo,v473110,197,train,300,True,300,300
dynamic29647-19-8-Video-9b4f6a1a067fe51e15306b9628efea20,NaturalVideo,v390792,424,live_test_main,300,True,300,300
dynamic29647-19-8-Video-9b4f6a1a067fe51e15306b9628efea20,NaturalVideo,v239973,351,train,300,True,300,300
dynamic29647-19-8-Video-9b4f6a1a067fe51e15306b9628efea20,NaturalVideo,v611064,355,final_test_bonus,300,True,300,300
dynamic29647-19-8-Video-9b4f6a1a067fe51e15306b9628efea20,NaturalVideo,v135995,519,train,300,True,300,300
dynamic29647-19-8-Video-9b4f6a1a067fe51e15306b9628efea20,NaturalVideo,v967131,581,final_test_bonus,300,True,300,326
dynamic29647-19-8-Video-9b4f6a1a067fe51e15306b9628efea20,NaturalVideo,v858371,449,train,300,True,300,326
dynamic29647-19-8-Video-9b4f6a1a067fe51e15306b9628efea20,NaturalVideo,v919728,15,live_test_main,300,True,300,300
dynamic29647-19-8-Video-9b4f6a1a067fe51e15306b9628efea20,NaturalVideo,v012275,262,oracle,300,True,300,300
dynamic29647-19-8-Video-9b4f6a1a067fe51e15306b9628efea20,PinkNoise,v262991,73,train,324,True,324,326
dynamic29647-19-8-Video-9b4f6a1a067fe51e15306b9628efea20,NaturalVideo,v152277,445,train,300,True,300,326
dynamic29647-19-8-Video-9b4f6a1a067fe51e15306b9628efea20,NaturalVideo,v548202,45,train,300,True,300,300
dynamic29647-19-8-Video-9b4f6a1a067fe51e15306b9628efea20,NaturalVideo,v482709,272,train,300,True,300,326
dynamic29647-19-8-Video-9b4f6a1a067fe51e15306b9628efea20,PinkNoise,v035085,75,final_test_bonus,324,True,324,326
dynamic29647-19-8-Video-9b4f6a1a067fe51e15306b9628efea20,NaturalVideo,v803838,397,train,300,True,300,300
dynamic29647-19-8-Video-9b4f6a1a067fe51e15306b9628efea20,PinkNoise,v801625,401,final_test_bonus,324,True,324,326
dynamic29647-19-8-Video-9b4f6a1a067fe51e15306b9628efea20,NaturalImages,v874315,61,train,305,True,305,326
dynamic29647-19-8-Video-9b4f6a1a067fe51e15306b9628efea20,NaturalVideo,v088402,338,train,300,True,300,300
dynamic29647-19-8-Video-9b4f6a1a067fe51e15306b9628efea20,NaturalImages,v683710,119,train,319,True,319,326
dynamic29647-19-8-Video-9b4f6a1a067fe51e15306b9628efea20,NaturalVideo,v135995,12,train,300,True,300,300
dynamic29647-19-8-Video-9b4f6a1a067fe51e15306b9628efea20,NaturalVideo,v858371,373,final_test_bonus,300,True,300,326
dynamic29647-19-8-Video-9b4f6a1a067fe51e15306b9628efea20,NaturalVideo,v631020,589,train,300,True,300,326
dynamic29647-19-8-Video-9b4f6a1a067fe51e15306b9628efea20,NaturalVideo,v007696,107,live_test_main,300,True,300,300
dynamic29647-19-8-Video-9b4f6a1a067fe51e15306b9628efea20,NaturalImages,v874315,235,live_test_main,305,True,305,326
dynamic29647-19-8-Video-9b4f6a1a067fe51e15306b9628efea20,NaturalVideo,v631020,141,train,300,True,300,326
dynamic29647-19-8-Video-9b4f6a1a067fe51e15306b9628efea20,NaturalVideo,v858371,261,train,300,True,300,326
dynamic29647-19-8-Video-9b4f6a1a067fe51e15306b9628efea20,NaturalVideo,v618363,313,train,300,True,300,300
dynamic29647-19-8-Video-9b4f6a1a067fe51e15306b9628efea20,NaturalVideo,v312472,525,train,300,True,300,300
dynamic29647-19-8-Video-9b4f6a1a067fe51e15306b9628efea20,GaussianDot,v560015,510,live_test_bonus,315,True,315,326
dynamic29647-19-8-Video-9b4f6a1a067fe51e15306b9628efea20,NaturalVideo,v355022,331,train,300,True,300,300
dynamic29647-19-8-Video-9b4f6a1a067fe51e15306b9628efea20,PinkNoise,v789249,91,train,324,True,324,326
dynamic29647-19-8-Video-9b4f6a1a067fe51e15306b9628efea20,NaturalVideo,v115038,315,train,300,True,300,300
dynamic29647-19-8-Video-9b4f6a1a067fe51e15306b9628efea20,NaturalImages,v683710,191,final_test_bonus,319,True,319,326
dynamic29647-19-8-Video-9b4f6a1a067fe51e15306b9628efea20,NaturalVideo,v794172,311,train,300,True,300,300
dynamic29647-19-8-Video-9b4f6a1a067fe51e15306b9628efea20,NaturalVideo,v919728,419,final_test_bonus,300,True,300,300
dynamic29647-19-8-Video-9b4f6a1a067fe51e15306b9628efea20,NaturalVideo,v911586,10,final_test_bonus,300,True,300,300
dynamic29647-19-8-Video-9b4f6a1a067fe51e15306b9628efea20,PinkNoise,v789249,515,live_test_main,324,True,324,326
dynamic29647-19-8-Video-9b4f6a1a067fe51e15306b9628efea20,NaturalVideo,v447133,662,train,300,True,300,300
dynamic29647-19-8-Video-9b4f6a1a067fe51e15306b9628efea20,GaussianDot,v124874,340,train,315,True,315,326
dynamic29647-19-8-Video-9b4f6a1a067fe51e15306b9628efea20,NaturalVideo,v587900,42,final_test_bonus,300,True,300,300
dynamic29647-19-8-Video-9b4f6a1a067fe51e15306b9628efea20,NaturalVideo,v723577,548,train,300,True,300,300
dynamic29647-19-8-Video-9b4f6a1a067fe51e15306b9628efea20,NaturalVideo,v661005,407,final_test_main,300,True,300,300
dynamic29647-19-8-Video-9b4f6a1a067fe51e15306b9628efea20,NaturalVideo,v687648,612,live_test_main,300,True,300,326
dynamic29647-19-8-Video-9b4f6a1a067fe51e15306b9628efea20,NaturalVideo,v729085,698,train,300,True,300,326
dynamic29647-19-8-Video-9b4f6a1a067fe51e15306b9628efea20,GaussianDot,v247654,259,train,315,True,315,326
dynamic29647-19-8-Video-9b4f6a1a067fe51e15306b9628efea20,GaussianDot,v124874,237,final_test_main,315,True,315,326
dynamic29647-19-8-Video-9b4f6a1a067fe51e15306b9628efea20,NaturalVideo,v181753,219,train,300,True,300,300
dynamic29647-19-8-Video-9b4f6a1a067fe51e15306b9628efea20,NaturalVideo,v967131,383,train,300,True,300,326
dynamic29647-19-8-Video-9b4f6a1a067fe51e15306b9628efea20,NaturalVideo,v135995,480,train,300,True,300,300
dynamic29647-19-8-Video-9b4f6a1a067fe51e15306b9628efea20,GaussianDot,v885899,276,train,315,True,315,326
dynamic29647-19-8-Video-9b4f6a1a067fe51e15306b9628efea20,GaussianDot,v247654,579,train,315,True,315,326
dynamic29647-19-8-Video-9b4f6a1a067fe51e15306b9628efea20,NaturalVideo,v314562,291,train,300,True,300,300
dynamic29647-19-8-Video-9b4f6a1a067fe51e15306b9628efea20,NaturalVideo,v959748,538,train,300,True,300,300
dynamic29647-19-8-Video-9b4f6a1a067fe51e15306b9628efea20,NaturalVideo,v946526,310,train,300,True,300,300
dynamic29647-19-8-Video-9b4f6a1a067fe51e15306b9628efea20,NaturalVideo,v891182,451,train,300,True,300,300
dynamic29647-19-8-Video-9b4f6a1a067fe51e15306b9628efea20,NaturalVideo,v521604,580,live_test_main,300,True,300,300
dynamic29647-19-8-Video-9b4f6a1a067fe51e15306b9628efea20,NaturalVideo,v042505,302,train,300,True,300,300
dynamic29647-19-8-Video-9b4f6a1a067fe51e15306b9628efea20,PinkNoise,v262991,212,train,324,True,324,326
dynamic29647-19-8-Video-9b4f6a1a067fe51e15306b9628efea20,NaturalVideo,v165838,396,train,300,True,300,300
dynamic29647-19-8-Video-9b4f6a1a067fe51e15306b9628efea20,NaturalVideo,v708623,619,oracle,300,True,300,300
dynamic29647-19-8-Video-9b4f6a1a067fe51e15306b9628efea20,NaturalVideo,v007496,342,final_test_bonus,300,True,300,300
dynamic29647-19-8-Video-9b4f6a1a067fe51e15306b9628efea20,NaturalVideo,v359383,112,train,300,True,300,326
dynamic29647-19-8-Video-9b4f6a1a067fe51e15306b9628efea20,PinkNoise,v687202,48,train,324,True,324,326
dynamic29647-19-8-Video-9b4f6a1a067fe51e15306b9628efea20,NaturalVideo,v199799,386,train,300,True,300,300
dynamic29647-19-8-Video-9b4f6a1a067fe51e15306b9628efea20,NaturalVideo,v645121,201,final_test_bonus,300,True,300,300
dynamic29647-19-8-Video-9b4f6a1a067fe51e15306b9628efea20,NaturalVideo,v618549,442,oracle,300,True,300,300
dynamic29647-19-8-Video-9b4f6a1a067fe51e15306b9628efea20,GaussianDot,v560015,179,train,315,True,315,326
dynamic29647-19-8-Video-9b4f6a1a067fe51e15306b9628efea20,GaussianDot,v124874,124,train,315,True,315,326
dynamic29647-19-8-Video-9b4f6a1a067fe51e15306b9628efea20,GaussianDot,v885899,299,final_test_main,315,True,315,326
dynamic29647-19-8-Video-9b4f6a1a067fe51e15306b9628efea20,GaussianDot,v450559,452,train,315,True,315,326
dynamic29647-19-8-Video-9b4f6a1a067fe51e15306b9628efea20,NaturalVideo,v579266,213,final_test_main,300,True,300,300
dynamic29647-19-8-Video-9b4f6a1a067fe51e15306b9628efea20,NaturalVideo,v687648,162,train,300,True,300,326
dynamic29647-19-8-Video-9b4f6a1a067fe51e15306b9628efea20,NaturalVideo,v040597,244,train,300,True,300,300
dynamic29647-19-8-Video-9b4f6a1a067fe51e15306b9628efea20,NaturalVideo,v967131,100,final_test_bonus,300,True,300,326
dynamic29647-19-8-Video-9b4f6a1a067fe51e15306b9628efea20,GaussianDot,v124874,642,train,315,True,315,326
dynamic29647-19-8-Video-9b4f6a1a067fe51e15306b9628efea20,PinkNoise,v789249,254,oracle,324,True,324,326
dynamic29647-19-8-Video-9b4f6a1a067fe51e15306b9628efea20,NaturalVideo,v545961,422,live_test_main,300,True,300,300
dynamic29647-19-8-Video-9b4f6a1a067fe51e15306b9628efea20,NaturalVideo,v801675,655,train,300,True,300,300
dynamic29647-19-8-Video-9b4f6a1a067fe51e15306b9628efea20,NaturalVideo,v240939,423,final_test_main,300,True,300,326
dynamic29647-19-8-Video-9b4f6a1a067fe51e15306b9628efea20,NaturalVideo,v454514,139,final_test_bonus,300,True,300,300
dynamic29647-19-8-Video-9b4f6a1a067fe51e15306b9628efea20,NaturalVideo,v927352,337,live_test_bonus,300,True,300,300
dynamic29647-19-8-Video-9b4f6a1a067fe51e15306b9628efea20,NaturalVideo,v174640,607,train,300,True,300,300
dynamic29647-19-8-Video-9b4f6a1a067fe51e15306b9628efea20,NaturalVideo,v044301,398,train,300,True,300,300
dynamic29647-19-8-Video-9b4f6a1a067fe51e15306b9628efea20,NaturalImages,v484546,316,train,313,True,313,326
dynamic29647-19-8-Video-9b4f6a1a067fe51e15306b9628efea20,NaturalVideo,v001438,309,final_test_bonus,300,True,300,300
dynamic29647-19-8-Video-9b4f6a1a067fe51e15306b9628efea20,NaturalVideo,v929537,97,oracle,300,True,300,326
dynamic29647-19-8-Video-9b4f6a1a067fe51e15306b9628efea20,NaturalVideo,v515099,364,live_test_bonus,300,True,300,300
dynamic29647-19-8-Video-9b4f6a1a067fe51e15306b9628efea20,GaussianDot,v001927,250,final_test_bonus,315,True,315,326
dynamic29647-19-8-Video-9b4f6a1a067fe51e15306b9628efea20,PinkNoise,v078527,344,train,324,True,324,326
dynamic29647-19-8-Video-9b4f6a1a067fe51e15306b9628efea20,PinkNoise,v262991,178,final_test_bonus,324,True,324,326
dynamic29647-19-8-Video-9b4f6a1a067fe51e15306b9628efea20,NaturalVideo,v579266,284,final_test_main,300,True,300,300
dynamic29647-19-8-Video-9b4f6a1a067fe51e15306b9628efea20,PinkNoise,v801625,175,oracle,324,True,324,326
dynamic29647-19-8-Video-9b4f6a1a067fe51e15306b9628efea20,NaturalVideo,v194362,335,final_test_bonus,300,True,300,300
dynamic29647-19-8-Video-9b4f6a1a067fe51e15306b9628efea20,PinkNoise,v789249,269,final_test_bonus,324,True,324,326
dynamic29647-19-8-Video-9b4f6a1a067fe51e15306b9628efea20,NaturalVideo,v631075,123,train,300,True,300,326
dynamic29647-19-8-Video-9b4f6a1a067fe51e15306b9628efea20,NaturalVideo,v338355,62,train,300,True,300,300
dynamic29647-19-8-Video-9b4f6a1a067fe51e15306b9628efea20,PinkNoise,v035085,517,final_test_bonus,324,True,324,326
dynamic29647-19-8-Video-9b4f6a1a067fe51e15306b9628efea20,NaturalVideo,v976762,461,train,300,True,300,300
dynamic29647-19-8-Video-9b4f6a1a067fe51e15306b9628efea20,NaturalVideo,v531619,504,train,300,True,300,300
dynamic29647-19-8-Video-9b4f6a1a067fe51e15306b9628efea20,NaturalVideo,v860674,702,final_test_bonus,300,True,300,300
dynamic29647-19-8-Video-9b4f6a1a067fe51e15306b9628efea20,NaturalVideo,v193951,427,final_test_bonus,300,True,300,300
dynamic29647-19-8-Video-9b4f6a1a067fe51e15306b9628efea20,NaturalVideo,v408511,666,final_test_bonus,300,True,300,300
dynamic29647-19-8-Video-9b4f6a1a067fe51e15306b9628efea20,GaussianDot,v247654,275,train,315,True,315,326
dynamic29647-19-8-Video-9b4f6a1a067fe51e15306b9628efea20,NaturalVideo,v216844,283,final_test_bonus,300,True,300,300
dynamic29647-19-8-Video-9b4f6a1a067fe51e15306b9628efea20,NaturalVideo,v518380,199,final_test_bonus,300,True,300,300
dynamic29647-19-8-Video-9b4f6a1a067fe51e15306b9628efea20,NaturalVideo,v194362,87,train,300,True,300,300
dynamic29647-19-8-Video-9b4f6a1a067fe51e15306b9628efea20,NaturalVideo,v861888,591,train,300,True,300,300
dynamic29647-19-8-Video-9b4f6a1a067fe51e15306b9628efea20,NaturalVideo,v748592,368,train,300,True,300,300
dynamic29647-19-8-Video-9b4f6a1a067fe51e15306b9628efea20,NaturalVideo,v631075,198,final_test_main,300,True,300,326
dynamic29647-19-8-Video-9b4f6a1a067fe51e15306b9628efea20,NaturalVideo,v222656,660,train,300,True,300,300
dynamic29647-19-8-Video-9b4f6a1a067fe51e15306b9628efea20,NaturalVideo,v777919,564,live_test_bonus,300,True,300,300
dynamic29647-19-8-Video-9b4f6a1a067fe51e15306b9628efea20,NaturalVideo,v579266,147,final_test_bonus,300,True,300,300
dynamic29647-19-8-Video-9b4f6a1a067fe51e15306b9628efea20,NaturalImages,v683710,602,train,319,True,319,326
dynamic29647-19-8-Video-9b4f6a1a067fe51e15306b9628efea20,PinkNoise,v035085,164,oracle,324,True,324,326
dynamic29647-19-8-Video-9b4f6a1a067fe51e15306b9628efea20,NaturalVideo,v482709,503,train,300,True,300,326
dynamic29647-19-8-Video-9b4f6a1a067fe51e15306b9628efea20,GaussianDot,v450559,305,live_test_bonus,315,True,315,326
dynamic29647-19-8-Video-9b4f6a1a067fe51e15306b9628efea20,NaturalVideo,v359383,227,train,300,True,300,326
dynamic29647-19-8-Video-9b4f6a1a067fe51e15306b9628efea20,NaturalVideo,v612504,681,oracle,300,True,300,300
dynamic29647-19-8-Video-9b4f6a1a067fe51e15306b9628efea20,NaturalVideo,v919728,41,final_test_bonus,300,True,300,300
dynamic29647-19-8-Video-9b4f6a1a067fe51e15306b9628efea20,NaturalImages,v062658,64,train,326,True,326,326
dynamic29647-19-8-Video-9b4f6a1a067fe51e15306b9628efea20,NaturalVideo,v249101,136,train,300,True,300,300
dynamic29647-19-8-Video-9b4f6a1a067fe51e15306b9628efea20,NaturalVideo,v579266,562,train,300,True,300,300
dynamic29647-19-8-Video-9b4f6a1a067fe51e15306b9628efea20,NaturalVideo,v072361,39,live_test_bonus,300,True,300,300
dynamic29647-19-8-Video-9b4f6a1a067fe51e15306b9628efea20,NaturalVideo,v661005,690,live_test_bonus,300,True,300,300
dynamic29647-19-8-Video-9b4f6a1a067fe51e15306b9628efea20,NaturalVideo,v765305,96,train,300,True,300,300
dynamic29647-19-8-Video-9b4f6a1a067fe51e15306b9628efea20,NaturalVideo,v704813,187,live_test_bonus,300,True,300,300
dynamic29647-19-8-Video-9b4f6a1a067fe51e15306b9628efea20,NaturalImages,v360898,392,final_test_main,313,True,313,326
dynamic29647-19-8-Video-9b4f6a1a067fe51e15306b9628efea20,NaturalVideo,v353874,473,final_test_main,300,True,300,300
dynamic29647-19-8-Video-9b4f6a1a067fe51e15306b9628efea20,NaturalVideo,v281237,67,live_test_main,300,True,300,300
dynamic29647-19-8-Video-9b4f6a1a067fe51e15306b9628efea20,NaturalVideo,v911192,456,final_test_bonus,300,True,300,326
dynamic29647-19-8-Video-9b4f6a1a067fe51e15306b9628efea20,NaturalImages,v360898,679,train,313,True,313,326
dynamic29647-19-8-Video-9b4f6a1a067fe51e15306b9628efea20,NaturalVideo,v135995,56,train,300,True,300,300
dynamic29647-19-8-Video-9b4f6a1a067fe51e15306b9628efea20,NaturalImages,v484546,53,final_test_main,313,True,313,326
dynamic29647-19-8-Video-9b4f6a1a067fe51e15306b9628efea20,NaturalImages,v874315,280,train,305,True,305,326
dynamic29647-19-8-Video-9b4f6a1a067fe51e15306b9628efea20,GaussianDot,v001927,430,final_test_bonus,315,True,315,326
dynamic29647-19-8-Video-9b4f6a1a067fe51e15306b9628efea20,NaturalVideo,v967489,625,live_test_bonus,300,True,300,300
dynamic29647-19-8-Video-9b4f6a1a067fe51e15306b9628efea20,NaturalVideo,v847530,701,train,300,True,300,300
dynamic29647-19-8-Video-9b4f6a1a067fe51e15306b9628efea20,NaturalVideo,v855337,457,train,300,True,300,300
dynamic29647-19-8-Video-9b4f6a1a067fe51e15306b9628efea20,NaturalVideo,v741098,376,train,300,True,300,300
dynamic29647-19-8-Video-9b4f6a1a067fe51e15306b9628efea20,NaturalVideo,v084914,680,live_test_bonus,300,True,300,300
dynamic29647-19-8-Video-9b4f6a1a067fe51e15306b9628efea20,NaturalVideo,v906154,390,final_test_bonus,300,True,300,300
dynamic29647-19-8-Video-9b4f6a1a067fe51e15306b9628efea20,PinkNoise,v035085,656,train,324,True,324,326
dynamic29647-19-8-Video-9b4f6a1a067fe51e15306b9628efea20,PinkNoise,v078527,273,train,324,True,324,326
dynamic29647-19-8-Video-9b4f6a1a067fe51e15306b9628efea20,GaussianDot,v124874,605,train,315,True,315,326
dynamic29647-19-8-Video-9b4f6a1a067fe51e15306b9628efea20,NaturalVideo,v036901,343,final_test_main,300,True,300,300
dynamic29647-19-8-Video-9b4f6a1a067fe51e15306b9628efea20,NaturalVideo,v929537,248,train,300,True,300,326
dynamic29647-19-8-Video-9b4f6a1a067fe51e15306b9628efea20,NaturalVideo,v858371,317,oracle,300,True,300,326
dynamic29647-19-8-Video-9b4f6a1a067fe51e15306b9628efea20,GaussianDot,v885899,31,train,315,True,315,326
dynamic29647-19-8-Video-9b4f6a1a067fe51e15306b9628efea20,NaturalVideo,v919728,417,live_test_main,300,True,300,300
dynamic29647-19-8-Video-9b4f6a1a067fe51e15306b9628efea20,NaturalVideo,v820636,352,final_test_bonus,300,True,300,300
dynamic29647-19-8-Video-9b4f6a1a067fe51e15306b9628efea20,NaturalVideo,v138033,513,train,300,True,300,300
dynamic29647-19-8-Video-9b4f6a1a067fe51e15306b9628efea20,NaturalVideo,v969015,320,live_test_main,300,True,300,300
dynamic29647-19-8-Video-9b4f6a1a067fe51e15306b9628efea20,NaturalVideo,v905681,114,final_test_main,300,True,300,300
dynamic29647-19-8-Video-9b4f6a1a067fe51e15306b9628efea20,NaturalVideo,v631075,613,final_test_bonus,300,True,300,326
dynamic29647-19-8-Video-9b4f6a1a067fe51e15306b9628efea20,NaturalVideo,v909970,143,train,300,True,300,300
dynamic29647-19-8-Video-9b4f6a1a067fe51e15306b9628efea20,NaturalVideo,v424672,177,oracle,300,True,300,300
dynamic29647-19-8-Video-9b4f6a1a067fe51e15306b9628efea20,NaturalVideo,v230094,220,train,300,True,300,300
dynamic29647-19-8-Video-9b4f6a1a067fe51e15306b9628efea20,GaussianDot,v885899,11,train,315,True,315,326
dynamic29647-19-8-Video-9b4f6a1a067fe51e15306b9628efea20,NaturalImages,v089720,255,final_test_bonus,310,True,310,326
dynamic29647-19-8-Video-9b4f6a1a067fe51e15306b9628efea20,NaturalVideo,v670754,68,final_test_bonus,300,True,300,300
dynamic29647-19-8-Video-9b4f6a1a067fe51e15306b9628efea20,PinkNoise,v687202,126,final_test_bonus,324,True,324,326
dynamic29647-19-8-Video-9b4f6a1a067fe51e15306b9628efea20,NaturalVideo,v968674,621,final_test_bonus,300,True,300,300
dynamic29647-19-8-Video-9b4f6a1a067fe51e15306b9628efea20,NaturalVideo,v895184,379,train,300,True,300,300
dynamic29647-19-8-Video-9b4f6a1a067fe51e15306b9628efea20,GaussianDot,v247654,403,live_test_main,315,True,315,326
dynamic29647-19-8-Video-9b4f6a1a067fe51e15306b9628efea20,NaturalImages,v874315,567,train,306,True,306,326
dynamic29647-19-8-Video-9b4f6a1a067fe51e15306b9628efea20,NaturalVideo,v609909,472,train,300,True,300,300
dynamic29647-19-8-Video-9b4f6a1a067fe51e15306b9628efea20,NaturalVideo,v631075,692,train,300,True,300,326
dynamic29647-19-8-Video-9b4f6a1a067fe51e15306b9628efea20,NaturalVideo,v311093,654,oracle,300,True,300,300
dynamic29647-19-8-Video-9b4f6a1a067fe51e15306b9628efea20,NaturalVideo,v716450,58,train,300,True,300,300
dynamic29647-19-8-Video-9b4f6a1a067fe51e15306b9628efea20,NaturalVideo,v152277,120,train,300,True,300,326
dynamic29647-19-8-Video-9b4f6a1a067fe51e15306b9628efea20,NaturalVideo,v189632,145,train,300,True,300,300
dynamic29647-19-8-Video-9b4f6a1a067fe51e15306b9628efea20,NaturalVideo,v797316,670,live_test_bonus,300,True,300,300
dynamic29647-19-8-Video-9b4f6a1a067fe51e15306b9628efea20,PinkNoise,v035085,668,oracle,324,True,324,326
dynamic29647-19-8-Video-9b4f6a1a067fe51e15306b9628efea20,NaturalVideo,v838377,410,final_test_bonus,300,True,300,300
dynamic29647-19-8-Video-9b4f6a1a067fe51e15306b9628efea20,NaturalVideo,v546772,460,train,300,True,300,300
dynamic29647-19-8-Video-9b4f6a1a067fe51e15306b9628efea20,NaturalVideo,v631020,539,live_test_bonus,300,True,300,326
dynamic29647-19-8-Video-9b4f6a1a067fe51e15306b9628efea20,NaturalVideo,v298231,229,train,300,True,300,300
dynamic29647-19-8-Video-9b4f6a1a067fe51e15306b9628efea20,NaturalVideo,v955194,234,train,300,True,300,300
dynamic29647-19-8-Video-9b4f6a1a067fe51e15306b9628efea20,NaturalVideo,v783789,649,train,300,True,300,300
dynamic29647-19-8-Video-9b4f6a1a067fe51e15306b9628efea20,NaturalVideo,v442563,435,live_test_main,300,True,300,300
dynamic29647-19-8-Video-9b4f6a1a067fe51e15306b9628efea20,GaussianDot,v560015,434,train,315,True,315,326
dynamic29647-19-8-Video-9b4f6a1a067fe51e15306b9628efea20,NaturalVideo,v975619,439,train,300,True,300,300
dynamic29647-19-8-Video-9b4f6a1a067fe51e15306b9628efea20,PinkNoise,v035085,297,train,324,True,324,326
dynamic29647-19-8-Video-9b4f6a1a067fe51e15306b9628efea20,NaturalVideo,v359383,420,train,300,True,300,326
dynamic29647-19-8-Video-9b4f6a1a067fe51e15306b9628efea20,NaturalImages,v484546,166,train,313,True,313,326
dynamic29647-19-8-Video-9b4f6a1a067fe51e15306b9628efea20,GaussianDot,v450559,154,final_test_bonus,315,True,315,326
dynamic29647-19-8-Video-9b4f6a1a067fe51e15306b9628efea20,NaturalVideo,v631020,357,live_test_main,300,True,300,326
dynamic29647-19-8-Video-9b4f6a1a067fe51e15306b9628efea20,PinkNoise,v078527,211,live_test_main,324,True,324,326
dynamic29647-19-8-Video-9b4f6a1a067fe51e15306b9628efea20,NaturalVideo,v104462,189,live_test_bonus,300,True,300,300
dynamic29647-19-8-Video-9b4f6a1a067fe51e15306b9628efea20,NaturalVideo,v327540,488,train,300,True,300,300
dynamic29647-19-8-Video-9b4f6a1a067fe51e15306b9628efea20,NaturalVideo,v616322,137,train,300,True,300,300
dynamic29647-19-8-Video-9b4f6a1a067fe51e15306b9628efea20,NaturalVideo,v101553,307,train,300,True,300,300
dynamic29647-19-8-Video-9b4f6a1a067fe51e15306b9628efea20,NaturalVideo,v687648,260,final_test_bonus,300,True,300,326
dynamic29647-19-8-Video-9b4f6a1a067fe51e15306b9628efea20,NaturalVideo,v790095,572,oracle,300,True,300,300
dynamic29647-19-8-Video-9b4f6a1a067fe51e15306b9628efea20,NaturalVideo,v328442,699,final_test_main,300,True,300,300
dynamic29647-19-8-Video-9b4f6a1a067fe51e15306b9628efea20,NaturalVideo,v135995,238,train,300,True,300,300
dynamic29647-19-8-Video-9b4f6a1a067fe51e15306b9628efea20,GaussianDot,v124874,466,train,315,True,315,326
dynamic29647-19-8-Video-9b4f6a1a067fe51e15306b9628efea20,GaussianDot,v001927,550,final_test_main,315,True,315,326
dynamic29647-19-8-Video-9b4f6a1a067fe51e15306b9628efea20,NaturalVideo,v841198,264,final_test_main,300,True,300,300
dynamic29647-19-8-Video-9b4f6a1a067fe51e15306b9628efea20,NaturalVideo,v341097,241,final_test_main,300,True,300,300
dynamic29647-19-8-Video-9b4f6a1a067fe51e15306b9628efea20,PinkNoise,v789249,306,train,324,True,324,326
dynamic29647-19-8-Video-9b4f6a1a067fe51e15306b9628efea20,PinkNoise,v262991,708,train,324,True,324,326
dynamic29647-19-8-Video-9b4f6a1a067fe51e15306b9628efea20,PinkNoise,v801625,586,live_test_bonus,324,True,324,326
dynamic29647-19-8-Video-9b4f6a1a067fe51e15306b9628efea20,NaturalVideo,v933273,303,oracle,300,True,300,300
dynamic29647-19-8-Video-9b4f6a1a067fe51e15306b9628efea20,NaturalVideo,v315252,559,train,300,True,300,300
dynamic29647-19-8-Video-9b4f6a1a067fe51e15306b9628efea20,NaturalVideo,v713639,511,train,300,True,300,300
dynamic29647-19-8-Video-9b4f6a1a067fe51e15306b9628efea20,NaturalVideo,v122778,223,train,300,True,300,300
dynamic29647-19-8-Video-9b4f6a1a067fe51e15306b9628efea20,NaturalVideo,v095247,678,train,300,True,300,300
dynamic29647-19-8-Video-9b4f6a1a067fe51e15306b9628efea20,NaturalVideo,v477465,573,final_test_bonus,300,True,300,300
dynamic29647-19-8-Video-9b4f6a1a067fe51e15306b9628efea20,PinkNoise,v035085,372,oracle,324,True,324,326
dynamic29647-19-8-Video-9b4f6a1a067fe51e15306b9628efea20,NaturalVideo,v240939,520,train,300,True,300,326
dynamic29647-19-8-Video-9b4f6a1a067fe51e15306b9628efea20,NaturalVideo,v000598,587,final_test_main,300,True,300,300
dynamic29647-19-8-Video-9b4f6a1a067fe51e15306b9628efea20,NaturalVideo,v737065,489,train,300,True,300,300
dynamic29647-19-8-Video-9b4f6a1a067fe51e15306b9628efea20,NaturalVideo,v883575,6,train,300,True,300,300
dynamic29647-19-8-Video-9b4f6a1a067fe51e15306b9628efea20,PinkNoise,v687202,664,final_test_bonus,324,True,324,326
dynamic29647-19-8-Video-9b4f6a1a067fe51e15306b9628efea20,NaturalVideo,v929537,365,final_test_main,300,True,300,326
dynamic29647-19-8-Video-9b4f6a1a067fe51e15306b9628efea20,PinkNoise,v078527,593,oracle,324,True,324,326
dynamic29647-19-8-Video-9b4f6a1a067fe51e15306b9628efea20,NaturalVideo,v912170,494,live_test_bonus,300,True,300,300
dynamic29647-19-8-Video-9b4f6a1a067fe51e15306b9628efea20,NaturalVideo,v729085,641,live_test_main,300,True,300,326
dynamic29647-19-8-Video-9b4f6a1a067fe51e15306b9628efea20,NaturalVideo,v310014,385,train,300,True,300,300
dynamic29647-19-8-Video-9b4f6a1a067fe51e15306b9628efea20,NaturalVideo,v294146,323,final_test_bonus,300,True,300,300
dynamic29647-19-8-Video-9b4f6a1a067fe51e15306b9628efea20,NaturalVideo,v359383,501,train,300,True,300,326
dynamic29647-19-8-Video-9b4f6a1a067fe51e15306b9628efea20,NaturalVideo,v412660,447,live_test_bonus,300,True,300,300
dynamic29647-19-8-Video-9b4f6a1a067fe51e15306b9628efea20,NaturalVideo,v152277,421,final_test_main,300,True,300,326
dynamic29647-19-8-Video-9b4f6a1a067fe51e15306b9628efea20,NaturalVideo,v003460,40,final_test_bonus,300,True,300,300
dynamic29647-19-8-Video-9b4f6a1a067fe51e15306b9628efea20,PinkNoise,v687202,47,live_test_main,324,True,324,326
dynamic29647-19-8-Video-9b4f6a1a067fe51e15306b9628efea20,NaturalVideo,v246058,546,live_test_bonus,300,True,300,300
dynamic29647-19-8-Video-9b4f6a1a067fe51e15306b9628efea20,NaturalVideo,v797796,208,live_test_main,300,True,300,300
dynamic29647-19-8-Video-9b4f6a1a067fe51e15306b9628efea20,GaussianDot,v247654,161,final_test_main,315,True,315,326
dynamic29647-19-8-Video-9b4f6a1a067fe51e15306b9628efea20,NaturalVideo,v631075,637,train,300,True,300,326
dynamic29647-19-8-Video-9b4f6a1a067fe51e15306b9628efea20,NaturalVideo,v729085,677,train,300,True,300,326
dynamic29647-19-8-Video-9b4f6a1a067fe51e15306b9628efea20,NaturalVideo,v846256,140,live_test_bonus,300,True,300,300
dynamic29647-19-8-Video-9b4f6a1a067fe51e15306b9628efea20,NaturalVideo,v005009,533,final_test_main,300,True,300,300
dynamic29647-19-8-Video-9b4f6a1a067fe51e15306b9628efea20,NaturalVideo,v194362,268,final_test_main,300,True,300,300
dynamic29647-19-8-Video-9b4f6a1a067fe51e15306b9628efea20,NaturalVideo,v482709,347,final_test_bonus,300,True,300,326
dynamic29647-19-8-Video-9b4f6a1a067fe51e15306b9628efea20,NaturalVideo,v333085,279,train,300,True,300,300
dynamic29647-19-8-Video-9b4f6a1a067fe51e15306b9628efea20,NaturalVideo,v635914,598,final_test_bonus,300,True,300,300
dynamic29647-19-8-Video-9b4f6a1a067fe51e15306b9628efea20,NaturalVideo,v408946,446,final_test_main,300,True,300,300
dynamic29647-19-8-Video-9b4f6a1a067fe51e15306b9628efea20,NaturalImages,v062658,146,train,326,True,326,326
dynamic29647-19-8-Video-9b4f6a1a067fe51e15306b9628efea20,NaturalVideo,v911192,689,oracle,300,True,300,326
dynamic29647-19-8-Video-9b4f6a1a067fe51e15306b9628efea20,NaturalVideo,v478722,505,live_test_bonus,300,True,300,300
dynamic29647-19-8-Video-9b4f6a1a067fe51e15306b9628efea20,NaturalVideo,v580538,63,train,300,True,300,300
dynamic29647-19-8-Video-9b4f6a1a067fe51e15306b9628efea20,NaturalImages,v874315,534,train,306,True,306,326
dynamic29647-19-8-Video-9b4f6a1a067fe51e15306b9628efea20,NaturalVideo,v038465,496,train,300,True,300,300
dynamic29647-19-8-Video-9b4f6a1a067fe51e15306b9628efea20,NaturalVideo,v861328,82,live_test_main,300,True,300,300
dynamic29647-19-8-Video-9b4f6a1a067fe51e15306b9628efea20,PinkNoise,v078527,653,oracle,324,True,324,326
dynamic29647-19-8-Video-9b4f6a1a067fe51e15306b9628efea20,NaturalVideo,v318253,129,live_test_bonus,300,True,300,300
dynamic29647-19-8-Video-9b4f6a1a067fe51e15306b9628efea20,NaturalVideo,v858371,471,final_test_main,300,True,300,326
dynamic29647-19-8-Video-9b4f6a1a067fe51e15306b9628efea20,NaturalVideo,v240939,195,final_test_bonus,300,True,300,326
dynamic29647-19-8-Video-9b4f6a1a067fe51e15306b9628efea20,NaturalVideo,v612959,545,live_test_bonus,300,True,300,300
dynamic29647-19-8-Video-9b4f6a1a067fe51e15306b9628efea20,NaturalVideo,v198853,83,live_test_main,300,True,300,300
dynamic29647-19-8-Video-9b4f6a1a067fe51e15306b9628efea20,NaturalVideo,v919728,190,live_test_main,300,True,300,300
dynamic29647-19-8-Video-9b4f6a1a067fe51e15306b9628efea20,NaturalVideo,v351738,233,live_test_main,300,True,300,300
dynamic29647-19-8-Video-9b4f6a1a067fe51e15306b9628efea20,NaturalVideo,v935131,491,final_test_bonus,300,True,300,300
dynamic29647-19-8-Video-9b4f6a1a067fe51e15306b9628efea20,GaussianDot,v247654,59,live_test_bonus,315,True,315,326
dynamic29647-19-8-Video-9b4f6a1a067fe51e15306b9628efea20,NaturalVideo,v858371,249,live_test_main,300,True,300,326
dynamic29647-19-8-Video-9b4f6a1a067fe51e15306b9628efea20,NaturalVideo,v528186,413,final_test_bonus,300,True,300,300
dynamic29647-19-8-Video-9b4f6a1a067fe51e15306b9628efea20,NaturalImages,v874315,703,train,305,True,305,326
dynamic29647-19-8-Video-9b4f6a1a067fe51e15306b9628efea20,NaturalVideo,v631020,454,train,300,True,300,326
dynamic29647-19-8-Video-9b4f6a1a067fe51e15306b9628efea20,NaturalVideo,v880357,101,train,300,True,300,300
dynamic29647-19-8-Video-9b4f6a1a067fe51e15306b9628efea20,NaturalVideo,v851441,477,oracle,300,True,300,300
dynamic29647-19-8-Video-9b4f6a1a067fe51e15306b9628efea20,NaturalVideo,v429145,142,final_test_bonus,300,True,300,300
dynamic29647-19-8-Video-9b4f6a1a067fe51e15306b9628efea20,NaturalImages,v484546,243,final_test_bonus,313,True,313,326
dynamic29647-19-8-Video-9b4f6a1a067fe51e15306b9628efea20,NaturalVideo,v717514,651,train,300,True,300,300
dynamic29647-19-8-Video-9b4f6a1a067fe51e15306b9628efea20,NaturalVideo,v162075,84,train,300,True,300,300
dynamic29647-19-8-Video-9b4f6a1a067fe51e15306b9628efea20,PinkNoise,v687202,404,live_test_main,324,True,324,326
dynamic29647-19-8-Video-9b4f6a1a067fe51e15306b9628efea20,NaturalVideo,v152277,554,final_test_main,300,True,300,326
dynamic29647-19-8-Video-9b4f6a1a067fe51e15306b9628efea20,NaturalVideo,v851441,389,final_test_bonus,300,True,300,300
dynamic29647-19-8-Video-9b4f6a1a067fe51e15306b9628efea20,NaturalVideo,v922993,425,train,300,True,300,300
dynamic29647-19-8-Video-9b4f6a1a067fe51e15306b9628efea20,NaturalVideo,v545497,380,train,300,True,300,300
dynamic29647-19-8-Video-9b4f6a1a067fe51e15306b9628efea20,GaussianDot,v124874,640,train,315,True,315,326
dynamic29647-19-8-Video-9b4f6a1a067fe51e15306b9628efea20,NaturalVideo,v208534,453,train,300,True,300,300
dynamic29647-19-8-Video-9b4f6a1a067fe51e15306b9628efea20,NaturalVideo,v631020,394,train,300,True,300,326
dynamic29647-19-8-Video-9b4f6a1a067fe51e15306b9628efea20,NaturalVideo,v482709,614,train,300,True,300,326
dynamic29647-19-8-Video-9b4f6a1a067fe51e15306b9628efea20,GaussianDot,v124874,20,train,315,True,315,326
dynamic29647-19-8-Video-9b4f6a1a067fe51e15306b9628efea20,NaturalVideo,v164132,438,live_test_bonus,300,True,300,300
dynamic29647-19-8-Video-9b4f6a1a067fe51e15306b9628efea20,NaturalVideo,v919728,463,live_test_bonus,300,True,300,300
dynamic29647-19-8-Video-9b4f6a1a067fe51e15306b9628efea20,NaturalVideo,v388017,341,oracle,300,True,300,300
dynamic29647-19-8-Video-9b4f6a1a067fe51e15306b9628efea20,NaturalVideo,v579266,5,final_test_bonus,300,True,300,300
dynamic29647-19-8-Video-9b4f6a1a067fe51e15306b9628efea20,NaturalVideo,v523290,57,train,300,True,300,300
dynamic29647-19-8-Video-9b4f6a1a067fe51e15306b9628efea20,PinkNoise,v262991,487,train,324,True,324,326
dynamic29647-19-8-Video-9b4f6a1a067fe51e15306b9628efea20,NaturalVideo,v360024,634,train,300,True,300,300
dynamic29647-19-8-Video-9b4f6a1a067fe51e15306b9628efea20,NaturalVideo,v087886,184,train,300,True,300,300
dynamic29647-19-8-Video-9b4f6a1a067fe51e15306b9628efea20,PinkNoise,v687202,200,oracle,324,True,324,326
dynamic29647-19-8-Video-9b4f6a1a067fe51e15306b9628efea20,PinkNoise,v801625,526,live_test_bonus,324,True,324,326
dynamic29647-19-8-Video-9b4f6a1a067fe51e15306b9628efea20,NaturalVideo,v608861,160,live_test_main,300,True,300,300
dynamic29647-19-8-Video-9b4f6a1a067fe51e15306b9628efea20,NaturalVideo,v400919,595,live_test_bonus,300,True,300,300
dynamic29647-19-8-Video-9b4f6a1a067fe51e15306b9628efea20,NaturalVideo,v608852,116,live_test_main,300,True,300,300
dynamic29647-19-8-Video-9b4f6a1a067fe51e15306b9628efea20,NaturalVideo,v544010,265,final_test_bonus,300,True,300,300
dynamic29647-19-8-Video-9b4f6a1a067fe51e15306b9628efea20,NaturalVideo,v045627,222,final_test_bonus,300,True,300,300
dynamic29647-19-8-Video-9b4f6a1a067fe51e15306b9628efea20,NaturalVideo,v482709,321,live_test_bonus,300,True,300,326
dynamic29647-19-8-Video-9b4f6a1a067fe51e15306b9628efea20,NaturalVideo,v482709,568,train,300,True,300,326
dynamic29647-19-8-Video-9b4f6a1a067fe51e15306b9628efea20,NaturalVideo,v034111,293,train,300,True,300,300
dynamic29647-19-8-Video-9b4f6a1a067fe51e15306b9628efea20,NaturalVideo,v048451,51,live_test_bonus,300,True,300,300
dynamic29647-19-8-Video-9b4f6a1a067fe51e15306b9628efea20,NaturalImages,v089720,537,final_test_bonus,310,True,310,326
dynamic29647-19-8-Video-9b4f6a1a067fe51e15306b9628efea20,NaturalImages,v484546,356,oracle,313,True,313,326
dynamic29647-19-8-Video-9b4f6a1a067fe51e15306b9628efea20,NaturalVideo,v008984,217,live_test_bonus,300,True,300,300
dynamic29647-19-8-Video-9b4f6a1a067fe51e15306b9628efea20,NaturalVideo,v886176,604,train,300,True,300,300
dynamic29647-19-8-Video-9b4f6a1a067fe51e15306b9628efea20,NaturalVideo,v416296,469,train,300,True,300,300
dynamic29647-19-8-Video-9b4f6a1a067fe51e15306b9628efea20,GaussianDot,v450559,328,train,315,True,315,326
dynamic29647-19-8-Video-9b4f6a1a067fe51e15306b9628efea20,GaussianDot,v450559,532,train,315,True,315,326
dynamic29647-19-8-Video-9b4f6a1a067fe51e15306b9628efea20,NaturalVideo,v579266,194,train,300,True,300,300
dynamic29647-19-8-Video-9b4f6a1a067fe51e15306b9628efea20,NaturalImages,v683710,648,final_test_bonus,319,True,319,326
dynamic29647-19-8-Video-9b4f6a1a067fe51e15306b9628efea20,NaturalVideo,v164863,349,train,300,True,300,300
dynamic29647-19-8-Video-9b4f6a1a067fe51e15306b9628efea20,PinkNoise,v078527,245,live_test_bonus,324,True,324,326
dynamic29647-19-8-Video-9b4f6a1a067fe51e15306b9628efea20,NaturalVideo,v135995,500,oracle,300,True,300,300
dynamic29647-19-8-Video-9b4f6a1a067fe51e15306b9628efea20,NaturalVideo,v661005,361,train,300,True,300,300
dynamic29647-19-8-Video-9b4f6a1a067fe51e15306b9628efea20,PinkNoise,v789249,458,train,324,True,324,326
dynamic29647-19-8-Video-9b4f6a1a067fe51e15306b9628efea20,NaturalVideo,v949655,117,live_test_main,300,True,300,300
dynamic29647-19-8-Video-9b4f6a1a067fe51e15306b9628efea20,NaturalVideo,v152277,330,train,300,True,300,326
dynamic29647-19-8-Video-9b4f6a1a067fe51e15306b9628efea20,NaturalImages,v874315,647,oracle,305,True,305,326
dynamic29647-19-8-Video-9b4f6a1a067fe51e15306b9628efea20,NaturalVideo,v687648,490,final_test_main,300,True,300,326
dynamic29647-19-8-Video-9b4f6a1a067fe51e15306b9628efea20,NaturalVideo,v579266,205,train,300,True,300,300
dynamic29647-19-8-Video-9b4f6a1a067fe51e15306b9628efea20,NaturalVideo,v240939,470,final_test_bonus,300,True,300,326
dynamic29647-19-8-Video-9b4f6a1a067fe51e15306b9628efea20,NaturalImages,v062658,172,train,326,True,326,326
dynamic29647-19-8-Video-9b4f6a1a067fe51e15306b9628efea20,NaturalVideo,v152277,582,train,300,True,300,326
dynamic29647-19-8-Video-9b4f6a1a067fe51e15306b9628efea20,PinkNoise,v262991,135,final_test_bonus,324,True,324,326
dynamic29647-19-8-Video-9b4f6a1a067fe51e15306b9628efea20,NaturalVideo,v681719,128,train,300,True,300,300
dynamic29647-19-8-Video-9b4f6a1a067fe51e15306b9628efea20,NaturalVideo,v330663,551,train,300,True,300,300
dynamic29647-19-8-Video-9b4f6a1a067fe51e15306b9628efea20,NaturalVideo,v980204,188,live_test_main,300,True,300,300
dynamic29647-19-8-Video-9b4f6a1a067fe51e15306b9628efea20,NaturalVideo,v571623,79,final_test_bonus,300,True,300,300
dynamic29647-19-8-Video-9b4f6a1a067fe51e15306b9628efea20,NaturalVideo,v851441,72,final_test_bonus,300,True,300,300
dynamic29647-19-8-Video-9b4f6a1a067fe51e15306b9628efea20,NaturalImages,v089720,158,train,310,True,310,326
dynamic29647-19-8-Video-9b4f6a1a067fe51e15306b9628efea20,NaturalVideo,v982414,318,train,300,True,300,300
dynamic29647-19-8-Video-9b4f6a1a067fe51e15306b9628efea20,NaturalVideo,v508147,433,train,300,True,300,300
dynamic29647-19-8-Video-9b4f6a1a067fe51e15306b9628efea20,NaturalImages,v062658,437,train,326,True,326,326
dynamic29647-19-8-Video-9b4f6a1a067fe51e15306b9628efea20,NaturalVideo,v687648,329,live_test_bonus,300,True,300,326
dynamic29647-19-8-Video-9b4f6a1a067fe51e15306b9628efea20,NaturalVideo,v631020,529,train,300,True,300,326
dynamic29647-19-8-Video-9b4f6a1a067fe51e15306b9628efea20,NaturalImages,v360898,7,final_test_bonus,313,True,313,326
dynamic29647-19-8-Video-9b4f6a1a067fe51e15306b9628efea20,GaussianDot,v001927,465,live_test_main,315,True,315,326
dynamic29647-19-8-Video-9b4f6a1a067fe51e15306b9628efea20,PinkNoise,v789249,530,final_test_bonus,324,True,324,326
dynamic29647-19-8-Video-9b4f6a1a067fe51e15306b9628efea20,NaturalVideo,v911192,77,oracle,300,True,300,326
dynamic29647-19-8-Video-9b4f6a1a067fe51e15306b9628efea20,NaturalImages,v089720,697,live_test_bonus,310,True,310,326
dynamic29647-19-8-Video-9b4f6a1a067fe51e15306b9628efea20,NaturalImages,v484546,599,final_test_bonus,313,True,313,326
dynamic29647-19-8-Video-9b4f6a1a067fe51e15306b9628efea20,NaturalVideo,v588863,590,live_test_main,300,True,300,300
dynamic29647-19-8-Video-9b4f6a1a067fe51e15306b9628efea20,NaturalVideo,v481974,16,oracle,300,True,300,300
dynamic29647-19-8-Video-9b4f6a1a067fe51e15306b9628efea20,NaturalVideo,v729085,122,final_test_bonus,300,True,300,326
dynamic29647-19-8-Video-9b4f6a1a067fe51e15306b9628efea20,NaturalVideo,v697095,176,final_test_bonus,300,True,300,300
dynamic29647-19-8-Video-9b4f6a1a067fe51e15306b9628efea20,NaturalVideo,v242278,561,train,300,True,300,300
dynamic29647-19-8-Video-9b4f6a1a067fe51e15306b9628efea20,NaturalVideo,v229546,432,final_test_bonus,300,True,300,300
dynamic29647-19-8-Video-9b4f6a1a067fe51e15306b9628efea20,PinkNoise,v687202,267,train,324,True,324,326
dynamic29647-19-8-Video-9b4f6a1a067fe51e15306b9628efea20,NaturalVideo,v729085,251,train,300,True,300,326
dynamic29647-19-8-Video-9b4f6a1a067fe51e15306b9628efea20,PinkNoise,v687202,182,final_test_main,324,True,324,326
dynamic29647-19-8-Video-9b4f6a1a067fe51e15306b9628efea20,NaturalVideo,v359383,402,train,300,True,300,326
dynamic29647-19-8-Video-9b4f6a1a067fe51e15306b9628efea20,NaturalImages,v360898,495,live_test_bonus,312,True,312,326
dynamic29647-19-8-Video-9b4f6a1a067fe51e15306b9628efea20,NaturalVideo,v305595,444,train,300,True,300,300
dynamic29647-19-8-Video-9b4f6a1a067fe51e15306b9628efea20,NaturalVideo,v166132,236,oracle,300,True,300,300
dynamic29647-19-8-Video-9b4f6a1a067fe51e15306b9628efea20,NaturalVideo,v598433,542,train,300,True,300,300
dynamic29647-19-8-Video-9b4f6a1a067fe51e15306b9628efea20,NaturalVideo,v194362,574,final_test_main,300,True,300,300
dynamic29647-19-8-Video-9b4f6a1a067fe51e15306b9628efea20,NaturalVideo,v781006,672,train,300,True,300,300
dynamic29647-19-8-Video-9b4f6a1a067fe51e15306b9628efea20,NaturalVideo,v301122,535,train,300,True,300,300
dynamic29647-19-8-Video-9b4f6a1a067fe51e15306b9628efea20,NaturalVideo,v495307,232,train,300,True,300,300
dynamic29647-19-8-Video-9b4f6a1a067fe51e15306b9628efea20,GaussianDot,v450559,618,final_test_bonus,315,True,315,326
dynamic29647-19-8-Video-9b4f6a1a067fe51e15306b9628efea20,NaturalVideo,v193921,523,train,300,True,300,300
dynamic29647-19-8-Video-9b4f6a1a067fe51e15306b9628efea20,NaturalVideo,v661005,144,final_test_bonus,300,True,300,300
dynamic29647-19-8-Video-9b4f6a1a067fe51e15306b9628efea20,NaturalVideo,v983662,638,train,300,True,300,300
dynamic29647-19-8-Video-9b4f6a1a067fe51e15306b9628efea20,PinkNoise,v801625,584,live_test_bonus,324,True,324,326
dynamic29647-19-8-Video-9b4f6a1a067fe51e15306b9628efea20,GaussianDot,v450559,253,train,315,True,315,326
dynamic29647-19-8-Video-9b4f6a1a067fe51e15306b9628efea20,NaturalVideo,v796870,416,train,300,True,300,300
dynamic29647-19-8-Video-9b4f6a1a067fe51e15306b9628efea20,PinkNoise,v262991,230,train,324,True,324,326
dynamic29647-19-8-Video-9b4f6a1a067fe51e15306b9628efea20,NaturalImages,v089720,151,train,310,True,310,326
dynamic29647-19-8-Video-9b4f6a1a067fe51e15306b9628efea20,PinkNoise,v078527,635,train,324,True,324,326
dynamic29647-19-8-Video-9b4f6a1a067fe51e15306b9628efea20,NaturalVideo,v135995,464,live_test_main,300,True,300,300
dynamic29647-19-8-Video-9b4f6a1a067fe51e15306b9628efea20,NaturalImages,v484546,149,train,313,True,313,326
dynamic29647-19-8-Video-9b4f6a1a067fe51e15306b9628efea20,NaturalVideo,v482709,210,train,300,True,300,326
dynamic29647-19-8-Video-9b4f6a1a067fe51e15306b9628efea20,NaturalVideo,v631020,28,train,300,True,300,326
dynamic29647-19-8-Video-9b4f6a1a067fe51e15306b9628efea20,NaturalVideo,v858371,611,train,300,True,300,326
dynamic29647-19-8-Video-9b4f6a1a067fe51e15306b9628efea20,NaturalVideo,v732726,512,train,300,True,300,300
dynamic29647-19-8-Video-9b4f6a1a067fe51e15306b9628efea20,NaturalVideo,v592788,652,train,300,True,300,300
dynamic29647-19-8-Video-9b4f6a1a067fe51e15306b9628efea20,NaturalVideo,v875939,46,train,300,True,300,300
dynamic29647-19-8-Video-9b4f6a1a067fe51e15306b9628efea20,NaturalVideo,v588370,378,train,300,True,300,300
dynamic29647-19-8-Video-9b4f6a1a067fe51e15306b9628efea20,NaturalVideo,v729085,85,train,300,True,300,326
dynamic29647-19-8-Video-9b4f6a1a067fe51e15306b9628efea20,NaturalVideo,v152277,695,train,300,True,300,326
dynamic29647-19-8-Video-9b4f6a1a067fe51e15306b9628efea20,NaturalVideo,v818065,601,final_test_bonus,300,True,300,300
dynamic29647-19-8-Video-9b4f6a1a067fe51e15306b9628efea20,NaturalVideo,v547225,450,final_test_main,300,True,300,300
dynamic29647-19-8-Video-9b4f6a1a067fe51e15306b9628efea20,NaturalVideo,v192785,426,train,300,True,300,300
dynamic29647-19-8-Video-9b4f6a1a067fe51e15306b9628efea20,NaturalVideo,v240939,415,live_test_bonus,300,True,300,326
dynamic29647-19-8-Video-9b4f6a1a067fe51e15306b9628efea20,NaturalVideo,v910753,663,live_test_bonus,300,True,300,300
dynamic29647-19-8-Video-9b4f6a1a067fe51e15306b9628efea20,NaturalVideo,v152277,22,train,300,True,300,326
dynamic29647-19-8-Video-9b4f6a1a067fe51e15306b9628efea20,NaturalVideo,v344077,274,train,300,True,300,300
dynamic29647-19-8-Video-9b4f6a1a067fe51e15306b9628efea20,NaturalVideo,v044080,560,train,300,True,300,300
dynamic29647-19-8-Video-9b4f6a1a067fe51e15306b9628efea20,NaturalVideo,v918543,74,train,300,True,300,300
dynamic29647-19-8-Video-9b4f6a1a067fe51e15306b9628efea20,NaturalVideo,v240939,113,oracle,300,True,300,326
dynamic29647-19-8-Video-9b4f6a1a067fe51e15306b9628efea20,NaturalVideo,v363608,3,live_test_main,300,True,300,300
dynamic29647-19-8-Video-9b4f6a1a067fe51e15306b9628efea20,NaturalVideo,v661005,32,oracle,300,True,300,300
dynamic29647-19-8-Video-9b4f6a1a067fe51e15306b9628efea20,GaussianDot,v247654,418,train,315,True,315,326
dynamic29647-19-8-Video-9b4f6a1a067fe51e15306b9628efea20,NaturalVideo,v595681,333,oracle,300,True,300,300
dynamic29647-19-8-Video-9b4f6a1a067fe51e15306b9628efea20,NaturalVideo,v766954,558,final_test_main,300,True,300,300
dynamic29647-19-8-Video-9b4f6a1a067fe51e15306b9628efea20,GaussianDot,v450559,658,final_test_bonus,315,True,315,326
dynamic29647-19-8-Video-9b4f6a1a067fe51e15306b9628efea20,NaturalVideo,v222763,609,oracle,300,True,300,300
dynamic29647-19-8-Video-9b4f6a1a067fe51e15306b9628efea20,NaturalVideo,v260487,521,live_test_main,300,True,300,300
dynamic29647-19-8-Video-9b4f6a1a067fe51e15306b9628efea20,PinkNoise,v035085,350,train,324,True,324,326
dynamic29647-19-8-Video-9b4f6a1a067fe51e15306b9628efea20,NaturalVideo,v001941,497,final_test_bonus,300,True,300,300
dynamic29647-19-8-Video-9b4f6a1a067fe51e15306b9628efea20,NaturalVideo,v586499,687,train,300,True,300,300
dynamic29647-19-8-Video-9b4f6a1a067fe51e15306b9628efea20,NaturalVideo,v223240,627,train,300,True,300,300
dynamic29647-19-8-Video-9b4f6a1a067fe51e15306b9628efea20,NaturalVideo,v012835,620,final_test_main,300,True,300,300
dynamic29647-19-8-Video-9b4f6a1a067fe51e15306b9628efea20,PinkNoise,v801625,98,train,324,True,324,326
dynamic29647-19-8-Video-9b4f6a1a067fe51e15306b9628efea20,NaturalVideo,v714065,258,train,300,True,300,300
dynamic29647-19-8-Video-9b4f6a1a067fe51e15306b9628efea20,PinkNoise,v801625,667,live_test_main,324,True,324,326
dynamic29647-19-8-Video-9b4f6a1a067fe51e15306b9628efea20,NaturalVideo,v661005,242,oracle,300,True,300,300
dynamic29647-19-8-Video-9b4f6a1a067fe51e15306b9628efea20,NaturalVideo,v687648,661,final_test_bonus,300,True,300,326
dynamic29647-19-8-Video-9b4f6a1a067fe51e15306b9628efea20,GaussianDot,v001927,13,final_test_main,315,True,315,326
dynamic29647-19-8-Video-9b4f6a1a067fe51e15306b9628efea20,NaturalVideo,v175310,29,train,300,True,300,300
dynamic29647-19-8-Video-9b4f6a1a067fe51e15306b9628efea20,NaturalVideo,v207903,336,train,300,True,300,300
dynamic29647-19-8-Video-9b4f6a1a067fe51e15306b9628efea20,NaturalVideo,v339718,192,final_test_main,300,True,300,300
dynamic29647-19-8-Video-9b4f6a1a067fe51e15306b9628efea20,GaussianDot,v001927,405,train,315,True,315,326
dynamic29647-19-8-Video-9b4f6a1a067fe51e15306b9628efea20,NaturalImages,v360898,354,live_test_main,312,True,312,326
dynamic29647-19-8-Video-9b4f6a1a067fe51e15306b9628efea20,NaturalVideo,v250410,60,train,300,True,300,300
dynamic29647-19-8-Video-9b4f6a1a067fe51e15306b9628efea20,NaturalVideo,v166197,66,train,300,True,300,300
dynamic29647-19-8-Video-9b4f6a1a067fe51e15306b9628efea20,NaturalVideo,v325346,171,train,300,True,300,300
dynamic29647-19-8-Video-9b4f6a1a067fe51e15306b9628efea20,NaturalVideo,v851441,300,train,300,True,300,300
dynamic29647-19-8-Video-9b4f6a1a067fe51e15306b9628efea20,NaturalVideo,v470479,674,final_test_main,300,True,300,300
dynamic29647-19-8-Video-9b4f6a1a067fe51e15306b9628efea20,NaturalVideo,v263619,543,final_test_main,300,True,300,300
dynamic29647-19-8-Video-9b4f6a1a067fe51e15306b9628efea20,GaussianDot,v885899,345,oracle,315,True,315,326
dynamic29647-19-8-Video-9b4f6a1a067fe51e15306b9628efea20,GaussianDot,v560015,583,final_test_main,315,True,315,326
dynamic29647-19-8-Video-9b4f6a1a067fe51e15306b9628efea20,NaturalVideo,v058301,377,train,300,True,300,300
dynamic29647-19-8-Video-9b4f6a1a067fe51e15306b9628efea20,PinkNoise,v262991,659,train,324,True,324,326
dynamic29647-19-8-Video-9b4f6a1a067fe51e15306b9628efea20,NaturalVideo,v240939,270,train,300,True,300,326
dynamic29647-19-8-Video-9b4f6a1a067fe51e15306b9628efea20,NaturalVideo,v687648,571,final_test_bonus,300,True,300,326
dynamic29647-19-8-Video-9b4f6a1a067fe51e15306b9628efea20,NaturalVideo,v653042,319,train,300,True,300,300
dynamic29647-19-8-Video-9b4f6a1a067fe51e15306b9628efea20,PinkNoise,v035085,218,live_test_bonus,324,True,324,326
dynamic29647-19-8-Video-9b4f6a1a067fe51e15306b9628efea20,NaturalVideo,v941408,332,train,300,True,300,300
dynamic29647-19-8-Video-9b4f6a1a067fe51e15306b9628efea20,NaturalVideo,v655523,94,live_test_bonus,300,True,300,300
dynamic29647-19-8-Video-9b4f6a1a067fe51e15306b9628efea20,NaturalImages,v089720,118,final_test_bonus,310,True,310,326
dynamic29647-19-8-Video-9b4f6a1a067fe51e15306b9628efea20,NaturalImages,v484546,35,train,313,True,313,326
dynamic29647-19-8-Video-9b4f6a1a067fe51e15306b9628efea20,NaturalVideo,v133776,541,train,300,True,300,300
dynamic29647-19-8-Video-9b4f6a1a067fe51e15306b9628efea20,NaturalVideo,v919728,33,train,300,True,300,300
dynamic29647-19-8-Video-9b4f6a1a067fe51e15306b9628efea20,NaturalVideo,v579266,493,live_test_bonus,300,True,300,300
dynamic29647-19-8-Video-9b4f6a1a067fe51e15306b9628efea20,NaturalVideo,v190525,502,train,300,True,300,300
dynamic29647-19-8-Video-9b4f6a1a067fe51e15306b9628efea20,NaturalVideo,v765666,185,train,300,True,300,300
dynamic29647-19-8-Video-9b4f6a1a067fe51e15306b9628efea20,NaturalVideo,v541638,167,train,300,True,300,300
dynamic29647-19-8-Video-9b4f6a1a067fe51e15306b9628efea20,NaturalImages,v062658,484,final_test_main,326,True,326,326
dynamic29647-19-8-Video-9b4f6a1a067fe51e15306b9628efea20,NaturalVideo,v359383,339,final_test_bonus,300,True,300,326
dynamic29647-19-8-Video-9b4f6a1a067fe51e15306b9628efea20,NaturalVideo,v111605,592,live_test_main,300,True,300,300
dynamic29647-19-8-Video-9b4f6a1a067fe51e15306b9628efea20,NaturalImages,v360898,49,oracle,312,True,312,326
dynamic29647-19-8-Video-9b4f6a1a067fe51e15306b9628efea20,NaturalVideo,v450734,412,train,300,True,300,300
dynamic29647-19-8-Video-9b4f6a1a067fe51e15306b9628efea20,NaturalVideo,v062282,485,live_test_bonus,300,True,300,300
dynamic29647-19-8-Video-9b4f6a1a067fe51e15306b9628efea20,NaturalVideo,v829277,286,oracle,300,True,300,300
dynamic29647-19-8-Video-9b4f6a1a067fe51e15306b9628efea20,PinkNoise,v801625,594,train,324,True,324,326
dynamic29647-19-8-Video-9b4f6a1a067fe51e15306b9628efea20,NaturalVideo,v668200,414,train,300,True,300,300
dynamic29647-19-8-Video-9b4f6a1a067fe51e15306b9628efea20,NaturalVideo,v435886,287,train,300,True,300,300
dynamic29647-19-8-Video-9b4f6a1a067fe51e15306b9628efea20,NaturalVideo,v447218,88,final_test_bonus,300,True,300,300
